date,managed_pos,managed_neg,non_reportable_pos,non_reportable_neg,others_pos,others_neg,producer_pos,producer_neg,swap_pos,swap_neg,short,long
2006-06-13,72295.0,0.0,38677.0,0.0,22574.0,0.0,0.0,-86305.0,0.0,-47241.0,-133546.0,133546.0
2006-06-20,63669.0,0.0,36357.0,0.0,21805.0,0.0,0.0,-79552.0,0.0,-42278.0,-121830.0,121831.0
2006-06-27,58755.0,0.0,34980.0,0.0,19921.0,0.0,0.0,-73441.0,0.0,-40215.0,-113656.0,113656.0
2006-07-11,76589.0,0.0,34926.0,0.0,21971.0,0.0,0.0,-76109.0,0.0,-57377.0,-133486.0,133486.0
2006-07-18,83117.0,0.0,37368.0,0.0,22318.0,0.0,0.0,-81303.0,0.0,-61502.0,-142805.0,142803.0
2006-07-25,76701.0,0.0,42882.0,0.0,23496.0,0.0,0.0,-80431.0,0.0,-62648.0,-143079.0,143079.0
2006-08-01,74939.0,0.0,40445.0,0.0,27437.0,0.0,0.0,-90827.0,0.0,-51994.0,-142821.0,142821.0
2006-08-08,80329.0,0.0,40432.0,0.0,26634.0,0.0,0.0,-96037.0,0.0,-51358.0,-147395.0,147395.0
2006-08-15,72364.0,0.0,38946.0,0.0,27208.0,0.0,0.0,-92804.0,0.0,-45714.0,-138518.0,138518.0
2006-08-22,64337.0,0.0,36844.0,0.0,29850.0,0.0,0.0,-90551.0,0.0,-40480.0,-131031.0,131031.0
2006-08-29,51928.0,0.0,33521.0,0.0,32130.0,0.0,0.0,-85606.0,0.0,-31973.0,-117579.0,117579.0
2006-09-05,63174.0,0.0,37855.0,0.0,32784.0,0.0,0.0,-90277.0,0.0,-43535.0,-133812.0,133813.0
2006-09-12,47051.0,0.0,30067.0,0.0,29091.0,0.0,0.0,-79685.0,0.0,-26524.0,-106209.0,106209.0
2006-09-19,42177.0,0.0,27857.0,0.0,27215.0,0.0,0.0,-74287.0,0.0,-22962.0,-97249.0,97249.0
2006-09-26,37966.0,0.0,27488.0,0.0,28332.0,0.0,0.0,-67790.0,0.0,-25995.0,-93785.0,93786.0
2006-10-03,34328.0,0.0,25473.0,0.0,29732.0,0.0,0.0,-65237.0,0.0,-24296.0,-89533.0,89533.0
2006-10-10,25020.0,0.0,23266.0,0.0,30743.0,0.0,0.0,-61282.0,0.0,-17748.0,-79030.0,79029.0
2006-10-17,26754.0,0.0,25176.0,0.0,31540.0,0.0,0.0,-60286.0,0.0,-23185.0,-83471.0,83470.0
2006-10-24,15705.0,0.0,27620.0,0.0,37791.0,0.0,0.0,-56830.0,0.0,-24285.0,-81115.0,81116.0
2006-10-31,26310.0,0.0,30953.0,0.0,35233.0,0.0,0.0,-62168.0,0.0,-30328.0,-92496.0,92496.0
2006-11-07,49313.0,0.0,37372.0,0.0,30054.0,0.0,0.0,-76668.0,0.0,-40072.0,-116740.0,116739.0
2006-11-14,53997.0,0.0,38387.0,0.0,33750.0,0.0,0.0,-82748.0,0.0,-43385.0,-126133.0,126134.0
2006-11-21,51542.0,0.0,38426.0,0.0,31792.0,0.0,0.0,-81471.0,0.0,-40291.0,-121762.0,121760.0
2006-11-28,47771.0,0.0,41500.0,0.0,33918.0,0.0,0.0,-79166.0,0.0,-44024.0,-123190.0,123189.0
2006-12-05,54908.0,0.0,40093.0,0.0,30382.0,0.0,0.0,-81592.0,0.0,-43792.0,-125384.0,125383.0
2006-12-12,51681.0,0.0,37641.0,0.0,30267.0,0.0,0.0,-82169.0,0.0,-37419.0,-119588.0,119589.0
2006-12-19,40642.0,0.0,34912.0,0.0,28644.0,0.0,0.0,-75191.0,0.0,-29007.0,-104198.0,104198.0
2006-12-26,38418.0,0.0,38705.0,0.0,29886.0,0.0,0.0,-77059.0,0.0,-29950.0,-107009.0,107009.0
2007-01-09,25229.0,0.0,31372.0,0.0,27284.0,0.0,0.0,-64613.0,0.0,-19271.0,-83884.0,83885.0
2007-01-16,35275.0,0.0,32314.0,0.0,29488.0,0.0,0.0,-66285.0,0.0,-30793.0,-97078.0,97077.0
2007-01-23,59205.0,0.0,37707.0,0.0,30817.0,0.0,0.0,-80652.0,0.0,-47077.0,-127729.0,127729.0
2007-01-30,72983.0,0.0,38386.0,0.0,33179.0,0.0,0.0,-93128.0,0.0,-51419.0,-144547.0,144548.0
2007-02-06,84111.0,0.0,41366.0,0.0,31955.0,0.0,0.0,-105778.0,0.0,-51654.0,-157432.0,157432.0
2007-02-13,99290.0,0.0,44984.0,0.0,33025.0,0.0,0.0,-115787.0,0.0,-61512.0,-177299.0,177299.0
2007-02-20,98157.0,0.0,41910.0,0.0,39596.0,0.0,0.0,-119877.0,0.0,-59785.0,-179662.0,179663.0
2007-02-27,115842.0,0.0,45645.0,0.0,32522.0,0.0,0.0,-128143.0,0.0,-65866.0,-194009.0,194009.0
2007-03-06,68624.0,0.0,39380.0,0.0,37191.0,0.0,0.0,-99246.0,0.0,-45949.0,-145195.0,145195.0
2007-03-13,67989.0,0.0,38166.0,0.0,33500.0,0.0,0.0,-96336.0,0.0,-43319.0,-139655.0,139655.0
2007-03-20,65830.0,0.0,40423.0,0.0,31524.0,0.0,0.0,-95054.0,0.0,-42723.0,-137777.0,137777.0
2007-03-27,68836.0,0.0,46884.0,0.0,31181.0,0.0,0.0,-97162.0,0.0,-49740.0,-146902.0,146901.0
2007-04-03,69787.0,0.0,39301.0,0.0,29122.0,0.0,0.0,-87034.0,0.0,-51177.0,-138211.0,138210.0
2007-04-10,84896.0,0.0,44211.0,0.0,33245.0,0.0,0.0,-105905.0,0.0,-56446.0,-162351.0,162352.0
2007-04-17,107551.0,0.0,42879.0,0.0,34375.0,0.0,0.0,-116887.0,0.0,-67918.0,-184805.0,184805.0
2007-04-24,104181.0,0.0,41954.0,0.0,36673.0,0.0,0.0,-122063.0,0.0,-60745.0,-182808.0,182808.0
2007-05-01,104947.0,0.0,39527.0,0.0,32603.0,0.0,0.0,-124492.0,0.0,-52587.0,-177079.0,177077.0
2007-05-08,115076.0,0.0,40150.0,0.0,29939.0,0.0,0.0,-126827.0,0.0,-58339.0,-185166.0,185165.0
2007-05-15,88209.0,0.0,37024.0,0.0,33818.0,0.0,0.0,-102011.0,0.0,-57039.0,-159050.0,159051.0
2007-05-22,67958.0,0.0,31709.0,0.0,36411.0,0.0,0.0,-90464.0,0.0,-45616.0,-136080.0,136078.0
2007-05-29,62304.0,0.0,26177.0,0.0,33896.0,0.0,0.0,-80773.0,0.0,-41605.0,-122378.0,122377.0
2007-06-05,76208.0,0.0,31702.0,0.0,35712.0,0.0,0.0,-92608.0,0.0,-51015.0,-143623.0,143622.0
2007-06-12,39950.0,0.0,25113.0,0.0,35444.0,0.0,0.0,-66168.0,0.0,-34339.0,-100507.0,100507.0
2007-06-19,47361.0,0.0,30900.0,0.0,35984.0,0.0,0.0,-66723.0,0.0,-47522.0,-114245.0,114245.0
2007-06-26,21494.0,0.0,23443.0,0.0,38936.0,0.0,0.0,-59087.0,0.0,-24787.0,-83874.0,83873.0
2007-07-03,32169.0,0.0,28297.0,0.0,31975.0,0.0,0.0,-66627.0,0.0,-25814.0,-92441.0,92441.0
2007-07-10,37626.0,0.0,34314.0,0.0,34579.0,0.0,0.0,-71455.0,0.0,-35064.0,-106519.0,106519.0
2007-07-17,43745.0,0.0,35804.0,0.0,34944.0,0.0,0.0,-75541.0,0.0,-38951.0,-114492.0,114493.0
2007-07-24,98284.0,0.0,41996.0,0.0,29101.0,0.0,0.0,-98003.0,0.0,-71378.0,-169381.0,169381.0
2007-07-31,56978.0,0.0,34677.0,0.0,25759.0,0.0,0.0,-76804.0,0.0,-40610.0,-117414.0,117414.0
2007-08-07,65938.0,0.0,34814.0,0.0,26704.0,0.0,0.0,-78666.0,0.0,-48790.0,-127456.0,127456.0
2007-08-14,68177.0,0.0,35283.0,0.0,29840.0,0.0,0.0,-83416.0,0.0,-49884.0,-133300.0,133300.0
2007-08-21,43812.0,0.0,26238.0,0.0,25613.0,0.0,0.0,-62016.0,0.0,-33647.0,-95663.0,95663.0
2007-08-28,53179.0,0.0,24707.0,0.0,27671.0,0.0,0.0,-71639.0,0.0,-33919.0,-105558.0,105557.0
2007-09-04,80451.0,0.0,31104.0,0.0,25536.0,0.0,0.0,-88717.0,0.0,-48374.0,-137091.0,137091.0
2007-09-11,111534.0,0.0,37409.0,0.0,30530.0,0.0,0.0,-121595.0,0.0,-57878.0,-179473.0,179473.0
2007-09-18,130754.0,0.0,36445.0,0.0,28055.0,0.0,0.0,-130789.0,0.0,-64464.0,-195253.0,195254.0
2007-09-25,150852.0,0.0,36679.0,0.0,38645.0,0.0,0.0,-149980.0,0.0,-76196.0,-226176.0,226176.0
2007-10-02,160261.0,0.0,38509.0,0.0,34651.0,0.0,0.0,-162889.0,0.0,-70531.0,-233420.0,233421.0
2007-10-09,177948.0,0.0,38749.0,0.0,33703.0,0.0,0.0,-178613.0,0.0,-71786.0,-250399.0,250400.0
2007-10-16,190050.0,0.0,39900.0,0.0,34734.0,0.0,0.0,-184776.0,0.0,-79908.0,-264684.0,264684.0
2007-10-23,179717.0,0.0,39617.0,0.0,30152.0,0.0,0.0,-177627.0,0.0,-71859.0,-249486.0,249486.0
2007-10-30,192125.0,0.0,40150.0,0.0,28776.0,0.0,0.0,-193592.0,0.0,-67460.0,-261052.0,261051.0
2007-11-06,193095.0,0.0,41781.0,0.0,29645.0,0.0,0.0,-202367.0,0.0,-62153.0,-264520.0,264521.0
2007-11-13,181043.0,0.0,37067.0,0.0,28240.0,0.0,0.0,-193809.0,0.0,-52540.0,-246349.0,246350.0
2007-11-20,166536.0,0.0,40112.0,0.0,25015.0,0.0,0.0,-190042.0,0.0,-41622.0,-231664.0,231663.0
2007-11-27,156732.0,0.0,33451.0,0.0,31652.0,0.0,0.0,-189573.0,0.0,-32261.0,-221834.0,221835.0
2007-12-04,147724.0,0.0,40733.0,0.0,31785.0,0.0,0.0,-180559.0,0.0,-39683.0,-220242.0,220242.0
2007-12-11,153433.0,0.0,42011.0,0.0,30150.0,0.0,0.0,-175271.0,0.0,-50325.0,-225596.0,225594.0
2007-12-18,150531.0,0.0,42597.0,0.0,32015.0,0.0,0.0,-176033.0,0.0,-49110.0,-225143.0,225143.0
2008-01-08,186417.0,0.0,44783.0,0.0,31586.0,0.0,0.0,-188829.0,0.0,-73959.0,-262788.0,262786.0
2008-01-15,190901.0,0.0,40552.0,0.0,33627.0,0.0,0.0,-192665.0,0.0,-72415.0,-265080.0,265080.0
2008-01-22,188881.0,0.0,39515.0,0.0,29080.0,0.0,0.0,-181352.0,0.0,-76123.0,-257475.0,257476.0
2008-01-29,186690.0,0.0,41555.0,0.0,33294.0,0.0,0.0,-181708.0,0.0,-79830.0,-261538.0,261539.0
2008-02-05,185749.0,0.0,40067.0,0.0,32094.0,0.0,0.0,-166592.0,0.0,-91318.0,-257910.0,257910.0
2008-02-12,183195.0,0.0,39585.0,0.0,35952.0,0.0,0.0,-166544.0,0.0,-92188.0,-258732.0,258732.0
2008-02-19,193381.0,0.0,43201.0,0.0,30492.0,0.0,0.0,-175784.0,0.0,-91289.0,-267073.0,267074.0
2008-02-26,191702.0,0.0,46066.0,0.0,30390.0,0.0,0.0,-177009.0,0.0,-91150.0,-268159.0,268158.0
2008-03-04,182115.0,0.0,47876.0,0.0,27363.0,0.0,0.0,-172516.0,0.0,-84838.0,-257354.0,257354.0
2008-03-11,182120.0,0.0,49500.0,0.0,30668.0,0.0,0.0,-179781.0,0.0,-82505.0,-262286.0,262288.0
2008-03-18,174322.0,0.0,49872.0,0.0,30039.0,0.0,0.0,-187696.0,0.0,-66538.0,-254234.0,254233.0
2008-03-25,161844.0,0.0,33894.0,0.0,28818.0,0.0,0.0,-154977.0,0.0,-69580.0,-224557.0,224556.0
2008-04-01,140483.0,0.0,34192.0,0.0,29836.0,0.0,0.0,-142069.0,0.0,-62442.0,-204511.0,204511.0
2008-04-08,142569.0,0.0,32239.0,0.0,32118.0,0.0,0.0,-144645.0,0.0,-62281.0,-206926.0,206926.0
2008-04-15,150571.0,0.0,36410.0,0.0,30905.0,0.0,0.0,-155090.0,0.0,-62796.0,-217886.0,217886.0
2008-04-22,151278.0,0.0,35231.0,0.0,26528.0,0.0,0.0,-154958.0,0.0,-58081.0,-213039.0,213037.0
2008-04-29,138053.0,0.0,27158.0,0.0,26361.0,0.0,0.0,-142594.0,0.0,-48979.0,-191573.0,191572.0
2008-05-06,130281.0,0.0,29561.0,0.0,26814.0,0.0,0.0,-138393.0,0.0,-48264.0,-186657.0,186656.0
2008-05-13,124655.0,0.0,27416.0,0.0,29163.0,0.0,0.0,-138582.0,0.0,-42652.0,-181234.0,181234.0
2008-05-20,155929.0,0.0,36727.0,0.0,29866.0,0.0,0.0,-161081.0,0.0,-61441.0,-222522.0,222522.0
2008-05-27,152939.0,0.0,30541.0,0.0,39827.0,0.0,0.0,-154920.0,0.0,-68387.0,-223307.0,223307.0
2008-06-03,139780.0,0.0,34676.0,0.0,31932.0,0.0,0.0,-146530.0,0.0,-59856.0,-206386.0,206388.0
2008-06-10,119507.0,0.0,34554.0,0.0,32427.0,0.0,0.0,-131660.0,0.0,-54828.0,-186488.0,186488.0
2008-06-17,123095.0,0.0,35799.0,0.0,31641.0,0.0,0.0,-127868.0,0.0,-62667.0,-190535.0,190535.0
2008-06-24,124657.0,0.0,36904.0,0.0,30918.0,0.0,0.0,-123088.0,0.0,-69391.0,-192479.0,192479.0
2008-07-01,162963.0,0.0,43161.0,0.0,30455.0,0.0,0.0,-141979.0,0.0,-94601.0,-236580.0,236579.0
2008-07-08,162890.0,0.0,42614.0,0.0,32312.0,0.0,0.0,-145248.0,0.0,-92567.0,-237815.0,237816.0
2008-07-15,176312.0,0.0,46906.0,0.0,43387.0,0.0,0.0,-168866.0,0.0,-97740.0,-266606.0,266605.0
2008-07-22,169631.0,0.0,45996.0,0.0,40005.0,0.0,0.0,-166735.0,0.0,-88897.0,-255632.0,255632.0
2008-07-29,150581.0,0.0,40601.0,0.0,37772.0,0.0,0.0,-144207.0,0.0,-84748.0,-228955.0,228954.0
2008-08-05,133972.0,0.0,38482.0,0.0,29772.0,0.0,0.0,-128829.0,0.0,-73397.0,-202226.0,202226.0
2008-08-12,90988.0,0.0,28559.0,0.0,29839.0,0.0,0.0,-83335.0,0.0,-66051.0,-149386.0,149386.0
2008-08-19,72701.0,0.0,21177.0,0.0,28649.0,0.0,0.0,-65802.0,0.0,-56727.0,-122529.0,122527.0
2008-08-26,65958.0,0.0,19738.0,0.0,27926.0,0.0,0.0,-52711.0,0.0,-60911.0,-113622.0,113622.0
2008-09-02,51783.0,0.0,17398.0,0.0,28084.0,0.0,0.0,-43491.0,0.0,-53774.0,-97265.0,97265.0
2008-09-09,41223.0,0.0,13859.0,0.0,25576.0,0.0,0.0,-36923.0,0.0,-43735.0,-80658.0,80658.0
2008-09-16,43510.0,0.0,15374.0,0.0,27513.0,0.0,0.0,-25782.0,0.0,-60615.0,-86397.0,86397.0
2008-09-23,75788.0,0.0,22917.0,0.0,37275.0,0.0,0.0,-70301.0,0.0,-65677.0,-135978.0,135980.0
2008-09-30,79144.0,0.0,25932.0,0.0,33598.0,0.0,0.0,-78037.0,0.0,-60637.0,-138674.0,138674.0
2008-10-07,75392.0,0.0,22461.0,0.0,35017.0,0.0,0.0,-77273.0,0.0,-55596.0,-132869.0,132870.0
2008-10-14,74496.0,0.0,21267.0,0.0,27732.0,0.0,0.0,-80752.0,0.0,-42742.0,-123494.0,123495.0
2008-10-21,59984.0,0.0,11340.0,0.0,28025.0,0.0,0.0,-70296.0,0.0,-29053.0,-99349.0,99349.0
2008-10-28,51008.0,0.0,9106.0,0.0,19737.0,0.0,0.0,-60045.0,0.0,-19805.0,-79850.0,79851.0
2008-11-04,51653.0,0.0,10004.0,0.0,9512.0,0.0,0.0,-54721.0,0.0,-16449.0,-71170.0,71169.0
2008-11-11,41895.0,0.0,7208.0,0.0,10101.0,0.0,0.0,-58230.0,0.0,-974.0,-59204.0,59204.0
2008-11-18,45452.0,0.0,7998.0,0.0,10581.0,0.0,0.0,-62655.0,0.0,-1376.0,-64031.0,64031.0
2008-11-25,65348.0,0.0,12873.0,0.0,24250.0,0.0,0.0,-87720.0,0.0,-14750.0,-102470.0,102471.0
2008-12-02,68406.0,0.0,11065.0,0.0,22394.0,0.0,0.0,-91114.0,0.0,-10751.0,-101865.0,101865.0
2008-12-09,65759.0,0.0,12591.0,0.0,23248.0,0.0,0.0,-88717.0,0.0,-12880.0,-101597.0,101598.0
2008-12-16,82481.0,0.0,16302.0,0.0,36773.0,0.0,0.0,-106381.0,0.0,-29175.0,-135556.0,135556.0
2008-12-30,100925.0,0.0,18534.0,0.0,37368.0,0.0,0.0,-116119.0,0.0,-40708.0,-156827.0,156827.0
2009-01-06,107477.0,0.0,17683.0,0.0,37275.0,0.0,0.0,-124521.0,0.0,-37914.0,-162435.0,162435.0
2009-01-13,100299.0,0.0,15566.0,0.0,37459.0,0.0,0.0,-122903.0,0.0,-30423.0,-153326.0,153324.0
2009-01-20,103925.0,0.0,16786.0,0.0,33090.0,0.0,0.0,-123720.0,0.0,-30080.0,-153800.0,153801.0
2009-01-27,115561.0,0.0,19482.0,0.0,36959.0,0.0,0.0,-140198.0,0.0,-31803.0,-172001.0,172002.0
2009-02-03,128671.0,0.0,24211.0,0.0,39433.0,0.0,0.0,-153057.0,0.0,-39257.0,-192314.0,192315.0
2009-02-10,133610.0,0.0,26749.0,0.0,43602.0,0.0,0.0,-162253.0,0.0,-41709.0,-203962.0,203961.0
2009-02-17,134915.0,0.0,31566.0,0.0,49180.0,0.0,0.0,-168782.0,0.0,-46879.0,-215661.0,215661.0
2009-02-24,139709.0,0.0,30342.0,0.0,38881.0,0.0,0.0,-169884.0,0.0,-39048.0,-208932.0,208932.0
2009-03-03,143427.0,0.0,31239.0,0.0,29049.0,0.0,0.0,-170026.0,0.0,-33689.0,-203715.0,203715.0
2009-03-10,136526.0,0.0,30463.0,0.0,19028.0,0.0,0.0,-162142.0,0.0,-23875.0,-186017.0,186017.0
2009-03-17,136329.0,0.0,27494.0,0.0,26738.0,0.0,0.0,-157095.0,0.0,-33466.0,-190561.0,190561.0
2009-03-24,134235.0,0.0,31602.0,0.0,31883.0,0.0,0.0,-158833.0,0.0,-38886.0,-197719.0,197720.0
2009-03-31,137088.0,0.0,29361.0,0.0,31135.0,0.0,0.0,-152483.0,0.0,-45101.0,-197584.0,197584.0
2009-04-07,116694.0,0.0,27884.0,0.0,20781.0,0.0,0.0,-126499.0,0.0,-38858.0,-165357.0,165359.0
2009-04-14,118249.0,0.0,26077.0,0.0,22004.0,0.0,0.0,-123593.0,0.0,-42737.0,-166330.0,166330.0
2009-04-21,116598.0,0.0,23611.0,0.0,16764.0,0.0,0.0,-119288.0,0.0,-37687.0,-156975.0,156973.0
2009-04-28,116312.0,0.0,26323.0,0.0,23820.0,0.0,0.0,-123989.0,0.0,-42465.0,-166454.0,166455.0
2009-05-05,123826.0,0.0,32346.0,0.0,18221.0,0.0,0.0,-129367.0,0.0,-45027.0,-174394.0,174393.0
2009-05-12,135406.0,0.0,34356.0,0.0,20474.0,0.0,0.0,-139761.0,0.0,-50476.0,-190237.0,190236.0
2009-05-19,139738.0,0.0,35637.0,0.0,31134.0,0.0,0.0,-150197.0,0.0,-56311.0,-206508.0,206509.0
2009-05-26,154065.0,0.0,32291.0,0.0,35859.0,0.0,0.0,-167223.0,0.0,-54992.0,-222215.0,222215.0
2009-06-02,167015.0,0.0,40556.0,0.0,37868.0,0.0,0.0,-182644.0,0.0,-62794.0,-245438.0,245439.0
2009-06-09,172289.0,0.0,37254.0,0.0,29070.0,0.0,0.0,-178256.0,0.0,-60357.0,-238613.0,238613.0
2009-06-16,157019.0,0.0,34162.0,0.0,26085.0,0.0,0.0,-166321.0,0.0,-50946.0,-217267.0,217266.0
2009-06-23,147760.0,0.0,30518.0,0.0,23197.0,0.0,0.0,-157547.0,0.0,-43927.0,-201474.0,201475.0
2009-06-30,146193.0,0.0,36094.0,0.0,23542.0,0.0,0.0,-162348.0,0.0,-43481.0,-205829.0,205829.0
2009-07-07,148172.0,0.0,29377.0,0.0,22889.0,0.0,0.0,-160229.0,0.0,-40209.0,-200438.0,200438.0
2009-07-14,137676.0,0.0,25646.0,0.0,22623.0,0.0,0.0,-147732.0,0.0,-38212.0,-185944.0,185945.0
2009-07-21,158676.0,0.0,32724.0,0.0,22384.0,0.0,0.0,-154206.0,0.0,-59579.0,-213785.0,213784.0
2009-07-28,153880.0,0.0,31651.0,0.0,22979.0,0.0,0.0,-155857.0,0.0,-52653.0,-208510.0,208510.0
2009-08-04,177212.0,0.0,36140.0,0.0,26962.0,0.0,0.0,-163483.0,0.0,-76832.0,-240315.0,240314.0
2009-08-11,166752.0,0.0,34721.0,0.0,30987.0,0.0,0.0,-162752.0,0.0,-69708.0,-232460.0,232460.0
2009-08-18,145089.0,0.0,29307.0,0.0,36368.0,0.0,0.0,-147290.0,0.0,-63473.0,-210763.0,210764.0
2009-08-25,154439.0,0.0,30572.0,0.0,35171.0,0.0,0.0,-153186.0,0.0,-66996.0,-220182.0,220182.0
2009-09-01,155759.0,0.0,34308.0,0.0,36263.0,0.0,0.0,-138862.0,0.0,-87468.0,-226330.0,226330.0
2009-09-08,198468.0,0.0,48225.0,0.0,43518.0,0.0,0.0,-193683.0,0.0,-96528.0,-290211.0,290211.0
2009-09-15,213840.0,0.0,51128.0,0.0,41343.0,0.0,0.0,-196830.0,0.0,-109481.0,-306311.0,306311.0
2009-09-22,214231.0,0.0,52417.0,0.0,41292.0,0.0,0.0,-193775.0,0.0,-114167.0,-307942.0,307940.0
2009-09-29,201515.0,0.0,45812.0,0.0,40979.0,0.0,0.0,-185327.0,0.0,-102981.0,-288308.0,288306.0
2009-10-06,220386.0,0.0,45092.0,0.0,39103.0,0.0,0.0,-193237.0,0.0,-111345.0,-304582.0,304581.0
2009-10-13,238943.0,0.0,43978.0,0.0,41682.0,0.0,0.0,-208633.0,0.0,-115971.0,-324604.0,324603.0
2009-10-20,238138.0,0.0,49990.0,0.0,40217.0,0.0,0.0,-208767.0,0.0,-119577.0,-328344.0,328345.0
2009-10-27,219912.0,0.0,44007.0,0.0,45114.0,0.0,0.0,-195972.0,0.0,-113060.0,-309032.0,309033.0
2009-11-03,232700.0,0.0,44166.0,0.0,38864.0,0.0,0.0,-200042.0,0.0,-115688.0,-315730.0,315730.0
2009-11-17,229670.0,0.0,41007.0,0.0,41096.0,0.0,0.0,-198730.0,0.0,-113042.0,-311772.0,311773.0
2009-11-24,228956.0,0.0,45250.0,0.0,44597.0,0.0,0.0,-209825.0,0.0,-108978.0,-318803.0,318803.0
2009-12-01,224935.0,0.0,50529.0,0.0,47483.0,0.0,0.0,-199276.0,0.0,-123671.0,-322947.0,322947.0
2009-12-08,212653.0,0.0,46877.0,0.0,52122.0,0.0,0.0,-198867.0,0.0,-112787.0,-311654.0,311652.0
2009-12-15,211313.0,0.0,50509.0,0.0,56654.0,0.0,0.0,-202570.0,0.0,-115904.0,-318474.0,318476.0
2009-12-22,201788.0,0.0,51992.0,0.0,47550.0,0.0,0.0,-198618.0,0.0,-102713.0,-301331.0,301330.0
2009-12-29,197560.0,0.0,51506.0,0.0,44386.0,0.0,0.0,-191281.0,0.0,-102172.0,-293453.0,293452.0
2010-01-05,194590.0,0.0,53671.0,0.0,47818.0,0.0,0.0,-193589.0,0.0,-102490.0,-296079.0,296079.0
2010-01-12,194345.0,0.0,55588.0,0.0,54015.0,0.0,0.0,-203420.0,0.0,-100528.0,-303948.0,303948.0
2010-01-19,196107.0,0.0,54246.0,0.0,45508.0,0.0,0.0,-198145.0,0.0,-97717.0,-295862.0,295861.0
2010-01-26,176156.0,0.0,38825.0,0.0,46774.0,0.0,0.0,-176537.0,0.0,-85218.0,-261755.0,261755.0
2010-02-02,181085.0,0.0,35819.0,0.0,41197.0,0.0,0.0,-166665.0,0.0,-91437.0,-258102.0,258101.0
2010-02-09,155623.0,0.0,34453.0,0.0,33022.0,0.0,0.0,-147915.0,0.0,-75183.0,-223098.0,223098.0
2010-02-16,159308.0,0.0,32086.0,0.0,34037.0,0.0,0.0,-137412.0,0.0,-88020.0,-225432.0,225431.0
2010-02-23,167680.0,0.0,39592.0,0.0,44141.0,0.0,0.0,-159295.0,0.0,-92119.0,-251414.0,251413.0
2010-03-02,179874.0,0.0,45973.0,0.0,43031.0,0.0,0.0,-167104.0,0.0,-101773.0,-268877.0,268878.0
2010-03-09,177719.0,0.0,46036.0,0.0,45918.0,0.0,0.0,-165320.0,0.0,-104352.0,-269672.0,269673.0
2010-03-16,172965.0,0.0,44140.0,0.0,44314.0,0.0,0.0,-152892.0,0.0,-108528.0,-261420.0,261419.0
2010-03-23,156775.0,0.0,42494.0,0.0,41453.0,0.0,0.0,-138703.0,0.0,-102018.0,-240721.0,240722.0
2010-03-30,149399.0,0.0,36098.0,0.0,37385.0,0.0,0.0,-135134.0,0.0,-87748.0,-222882.0,222882.0
2010-04-06,178383.0,0.0,43996.0,0.0,45469.0,0.0,0.0,-163847.0,0.0,-104000.0,-267847.0,267848.0
2010-04-13,201258.0,0.0,44965.0,0.0,46021.0,0.0,0.0,-184855.0,0.0,-107389.0,-292244.0,292244.0
2010-04-20,197751.0,0.0,49703.0,0.0,36826.0,0.0,0.0,-186822.0,0.0,-97458.0,-284280.0,284280.0
2010-04-27,210701.0,0.0,42921.0,0.0,40743.0,0.0,0.0,-189896.0,0.0,-104468.0,-294364.0,294365.0
2010-05-04,214139.0,0.0,43978.0,0.0,46851.0,0.0,0.0,-201457.0,0.0,-103512.0,-304969.0,304968.0
2010-05-11,227195.0,0.0,48079.0,0.0,49114.0,0.0,0.0,-234202.0,0.0,-90187.0,-324389.0,324388.0
2010-05-18,230422.0,0.0,49529.0,0.0,44347.0,0.0,0.0,-236892.0,0.0,-87406.0,-324298.0,324298.0
2010-05-25,211028.0,0.0,42769.0,0.0,42302.0,0.0,0.0,-213955.0,0.0,-82144.0,-296099.0,296099.0
2010-06-01,212415.0,0.0,45274.0,0.0,43780.0,0.0,0.0,-217555.0,0.0,-83914.0,-301469.0,301469.0
2010-06-08,218124.0,0.0,47635.0,0.0,45344.0,0.0,0.0,-224377.0,0.0,-86726.0,-311103.0,311103.0
2010-06-15,217716.0,0.0,50468.0,0.0,48267.0,0.0,0.0,-227601.0,0.0,-88851.0,-316452.0,316451.0
2010-06-22,227831.0,0.0,52369.0,0.0,46372.0,0.0,0.0,-230145.0,0.0,-96426.0,-326571.0,326572.0
2010-06-29,222663.0,0.0,46885.0,0.0,50361.0,0.0,0.0,-217018.0,0.0,-102890.0,-319908.0,319909.0
2010-07-06,188634.0,0.0,42611.0,0.0,42747.0,0.0,0.0,-186788.0,0.0,-87203.0,-273991.0,273992.0
2010-07-13,187077.0,0.0,45287.0,0.0,44895.0,0.0,0.0,-187783.0,0.0,-89475.0,-277258.0,277259.0
2010-07-20,152713.0,0.0,39314.0,0.0,46101.0,0.0,0.0,-159403.0,0.0,-78724.0,-238127.0,238128.0
2010-07-27,154381.0,0.0,40301.0,0.0,48350.0,0.0,0.0,-168066.0,0.0,-74966.0,-243032.0,243032.0
2010-08-03,158419.0,0.0,37542.0,0.0,43137.0,0.0,0.0,-156839.0,0.0,-82258.0,-239097.0,239098.0
2010-08-10,161122.0,0.0,41237.0,0.0,46842.0,0.0,0.0,-159775.0,0.0,-89426.0,-249201.0,249201.0
2010-08-17,182276.0,0.0,45915.0,0.0,44688.0,0.0,0.0,-172129.0,0.0,-100750.0,-272879.0,272879.0
2010-08-24,202471.0,0.0,43505.0,0.0,42984.0,0.0,0.0,-181676.0,0.0,-107285.0,-288961.0,288960.0
2010-08-31,216265.0,0.0,47839.0,0.0,44649.0,0.0,0.0,-190318.0,0.0,-118434.0,-308752.0,308753.0
2010-09-07,218898.0,0.0,49279.0,0.0,45735.0,0.0,0.0,-193848.0,0.0,-120063.0,-313911.0,313912.0
2010-09-14,227384.0,0.0,49839.0,0.0,44605.0,0.0,0.0,-193825.0,0.0,-128002.0,-321827.0,321828.0
2010-09-21,223128.0,0.0,49880.0,0.0,49159.0,0.0,0.0,-192768.0,0.0,-129397.0,-322165.0,322167.0
2010-09-28,232220.0,0.0,45643.0,0.0,48160.0,0.0,0.0,-196950.0,0.0,-129074.0,-326024.0,326023.0
2010-10-05,225274.0,0.0,40033.0,0.0,58188.0,0.0,0.0,-197592.0,0.0,-125903.0,-323495.0,323495.0
2010-10-12,229543.0,0.0,43962.0,0.0,52711.0,0.0,0.0,-200427.0,0.0,-125789.0,-326216.0,326216.0
2010-10-19,218061.0,0.0,43587.0,0.0,57855.0,0.0,0.0,-200545.0,0.0,-118958.0,-319503.0,319503.0
2010-10-26,205958.0,0.0,44595.0,0.0,53511.0,0.0,0.0,-192039.0,0.0,-112025.0,-304064.0,304064.0
2010-11-02,204702.0,0.0,47803.0,0.0,48836.0,0.0,0.0,-195375.0,0.0,-105965.0,-301340.0,301341.0
2010-11-09,200996.0,0.0,46203.0,0.0,66305.0,0.0,0.0,-208926.0,0.0,-104577.0,-313503.0,313504.0
2010-11-16,173067.0,0.0,48500.0,0.0,66285.0,0.0,0.0,-178438.0,0.0,-109414.0,-287852.0,287852.0
2010-11-23,177269.0,0.0,43988.0,0.0,59974.0,0.0,0.0,-176940.0,0.0,-104291.0,-281231.0,281231.0
2010-11-30,182716.0,0.0,44471.0,0.0,62083.0,0.0,0.0,-174101.0,0.0,-115169.0,-289270.0,289270.0
2010-12-07,183737.0,0.0,47543.0,0.0,67691.0,0.0,0.0,-185027.0,0.0,-113945.0,-298972.0,298971.0
2010-12-14,173759.0,0.0,49720.0,0.0,67666.0,0.0,0.0,-174533.0,0.0,-116612.0,-291145.0,291145.0
2010-12-21,161155.0,0.0,47682.0,0.0,68746.0,0.0,0.0,-164320.0,0.0,-113263.0,-277583.0,277583.0
2010-12-28,169987.0,0.0,46516.0,0.0,67694.0,0.0,0.0,-166711.0,0.0,-117486.0,-284197.0,284197.0
2011-01-04,158659.0,0.0,54969.0,0.0,66064.0,0.0,0.0,-168369.0,0.0,-111323.0,-279692.0,279692.0
2011-01-11,144236.0,0.0,50306.0,0.0,57650.0,0.0,0.0,-158136.0,0.0,-94057.0,-252193.0,252192.0
2011-01-18,134473.0,0.0,44185.0,0.0,54961.0,0.0,0.0,-141713.0,0.0,-91907.0,-233620.0,233619.0
2011-01-25,129664.0,0.0,40651.0,0.0,46165.0,0.0,0.0,-130469.0,0.0,-86011.0,-216480.0,216480.0
2011-02-01,124794.0,0.0,43943.0,0.0,45913.0,0.0,0.0,-127574.0,0.0,-87076.0,-214650.0,214650.0
2011-02-08,145846.0,0.0,44695.0,0.0,45435.0,0.0,0.0,-132982.0,0.0,-102994.0,-235976.0,235976.0
2011-02-15,159814.0,0.0,47751.0,0.0,39611.0,0.0,0.0,-136656.0,0.0,-110519.0,-247175.0,247176.0
2011-02-22,182739.0,0.0,53541.0,0.0,30510.0,0.0,0.0,-147725.0,0.0,-119066.0,-266791.0,266790.0
2011-03-01,201084.0,0.0,55794.0,0.0,29241.0,0.0,0.0,-156594.0,0.0,-129526.0,-286120.0,286119.0
2011-03-08,199221.0,0.0,59377.0,0.0,26852.0,0.0,0.0,-161730.0,0.0,-123720.0,-285450.0,285450.0
2011-03-15,183908.0,0.0,48120.0,0.0,21707.0,0.0,0.0,-147882.0,0.0,-105853.0,-253735.0,253735.0
2011-03-22,189202.0,0.0,52308.0,0.0,21332.0,0.0,0.0,-156098.0,0.0,-106745.0,-262843.0,262842.0
2011-03-29,199312.0,0.0,50103.0,0.0,14671.0,0.0,0.0,-161389.0,0.0,-102696.0,-264085.0,264086.0
2011-04-05,216868.0,0.0,56332.0,0.0,13891.0,0.0,0.0,-168166.0,0.0,-118925.0,-287091.0,287091.0
2011-04-12,211095.0,0.0,54289.0,0.0,17797.0,0.0,0.0,-171303.0,0.0,-111880.0,-283183.0,283181.0
2011-04-19,228577.0,0.0,52795.0,0.0,23133.0,0.0,0.0,-187061.0,0.0,-117443.0,-304504.0,304505.0
2011-04-26,220548.0,0.0,49742.0,0.0,17762.0,0.0,0.0,-175612.0,0.0,-112442.0,-288054.0,288052.0
2011-05-03,218255.0,0.0,49109.0,0.0,18249.0,0.0,0.0,-180855.0,0.0,-104757.0,-285612.0,285613.0
2011-05-10,198607.0,0.0,46988.0,0.0,14357.0,0.0,0.0,-174739.0,0.0,-85213.0,-259952.0,259952.0
2011-05-17,185385.0,0.0,44641.0,0.0,9595.0,0.0,0.0,-164482.0,0.0,-75139.0,-239621.0,239621.0
2011-05-24,198515.0,0.0,46282.0,0.0,15001.0,0.0,0.0,-175441.0,0.0,-84356.0,-259797.0,259798.0
2011-05-31,206794.0,0.0,50199.0,0.0,16191.0,0.0,0.0,-180733.0,0.0,-92450.0,-273183.0,273184.0
2011-06-07,216220.0,0.0,50111.0,0.0,15074.0,0.0,0.0,-185436.0,0.0,-95969.0,-281405.0,281405.0
2011-06-14,203820.0,0.0,47576.0,0.0,18032.0,0.0,0.0,-178804.0,0.0,-90623.0,-269427.0,269428.0
2011-06-21,226501.0,0.0,49621.0,0.0,12287.0,0.0,0.0,-189212.0,0.0,-99197.0,-288409.0,288409.0
2011-06-28,181356.0,0.0,45300.0,0.0,13201.0,0.0,0.0,-161296.0,0.0,-78561.0,-239857.0,239857.0
2011-07-05,177791.0,0.0,46727.0,0.0,9332.0,0.0,0.0,-155510.0,0.0,-78340.0,-233850.0,233850.0
2011-07-12,222184.0,0.0,48078.0,0.0,14009.0,0.0,0.0,-183788.0,0.0,-100483.0,-284271.0,284271.0
2011-07-19,238319.0,0.0,44980.0,0.0,24744.0,0.0,0.0,-190395.0,0.0,-117649.0,-308044.0,308043.0
2011-07-26,233256.0,0.0,48444.0,0.0,36233.0,0.0,0.0,-206859.0,0.0,-111073.0,-317932.0,317933.0
2011-08-02,253653.0,0.0,41545.0,0.0,35597.0,0.0,0.0,-206665.0,0.0,-124130.0,-330795.0,330795.0
2011-08-09,218574.0,0.0,44554.0,0.0,40608.0,0.0,0.0,-202863.0,0.0,-100874.0,-303737.0,303736.0
2011-08-16,218403.0,0.0,48590.0,0.0,39511.0,0.0,0.0,-206125.0,0.0,-100380.0,-306505.0,306504.0
2011-08-23,201294.0,0.0,41671.0,0.0,46674.0,0.0,0.0,-206222.0,0.0,-83417.0,-289639.0,289639.0
2011-08-30,195372.0,0.0,41820.0,0.0,37265.0,0.0,0.0,-201953.0,0.0,-72504.0,-274457.0,274457.0
2011-09-06,197844.0,0.0,44249.0,0.0,43660.0,0.0,0.0,-213838.0,0.0,-71915.0,-285753.0,285753.0
2011-09-13,185767.0,0.0,42893.0,0.0,38961.0,0.0,0.0,-195399.0,0.0,-72222.0,-267621.0,267621.0
2011-09-20,160322.0,0.0,48755.0,0.0,42710.0,0.0,0.0,-191261.0,0.0,-60527.0,-251788.0,251787.0
2011-09-27,129502.0,0.0,40998.0,0.0,29252.0,0.0,0.0,-168334.0,0.0,-31418.0,-199752.0,199752.0
2011-10-04,127249.0,0.0,33891.0,0.0,35065.0,0.0,0.0,-172365.0,0.0,-23841.0,-196206.0,196205.0
2011-10-11,131637.0,0.0,35957.0,0.0,36385.0,0.0,0.0,-175997.0,0.0,-27982.0,-203979.0,203979.0
2011-10-18,127689.0,0.0,34182.0,0.0,32296.0,0.0,0.0,-174001.0,0.0,-20167.0,-194168.0,194167.0
2011-10-25,138846.0,0.0,40435.0,0.0,29496.0,0.0,0.0,-181804.0,0.0,-26974.0,-208778.0,208777.0
2011-11-01,148279.0,0.0,44297.0,0.0,29776.0,0.0,0.0,-188069.0,0.0,-34285.0,-222354.0,222352.0
2011-11-08,167028.0,0.0,44876.0,0.0,33952.0,0.0,0.0,-197555.0,0.0,-48302.0,-245857.0,245856.0
2011-11-15,171632.0,0.0,46409.0,0.0,32166.0,0.0,0.0,-195662.0,0.0,-54545.0,-250207.0,250207.0
2011-11-22,149256.0,0.0,33017.0,0.0,29545.0,0.0,0.0,-165410.0,0.0,-46408.0,-211818.0,211818.0
2011-11-29,146298.0,0.0,40080.0,0.0,28030.0,0.0,0.0,-169138.0,0.0,-45270.0,-214408.0,214408.0
2011-12-06,151347.0,0.0,43419.0,0.0,31120.0,0.0,0.0,-179603.0,0.0,-46283.0,-225886.0,225886.0
2011-12-13,135117.0,0.0,36975.0,0.0,28051.0,0.0,0.0,-172269.0,0.0,-27874.0,-200143.0,200143.0
2011-12-20,117151.0,0.0,32655.0,0.0,23753.0,0.0,0.0,-157149.0,0.0,-16411.0,-173560.0,173559.0
2011-12-27,111919.0,0.0,33660.0,0.0,23987.0,0.0,0.0,-152386.0,0.0,-17180.0,-169566.0,169566.0
2012-01-03,110594.0,0.0,31990.0,0.0,25192.0,0.0,0.0,-149842.0,0.0,-17934.0,-167776.0,167776.0
2012-01-10,110499.0,0.0,34972.0,0.0,28937.0,0.0,0.0,-148371.0,0.0,-26038.0,-174409.0,174408.0
2012-01-17,116978.0,0.0,37927.0,0.0,29029.0,0.0,0.0,-163369.0,0.0,-20566.0,-183935.0,183934.0
2012-01-24,126937.0,0.0,38263.0,0.0,28090.0,0.0,0.0,-169898.0,0.0,-23392.0,-193290.0,193290.0
2012-01-31,159509.0,0.0,39892.0,0.0,28677.0,0.0,0.0,-180604.0,0.0,-47474.0,-228078.0,228078.0
2012-02-07,173172.0,0.0,44925.0,0.0,22519.0,0.0,0.0,-189072.0,0.0,-51545.0,-240617.0,240616.0
2012-02-14,162956.0,0.0,43758.0,0.0,20844.0,0.0,0.0,-180376.0,0.0,-47183.0,-227559.0,227558.0
2012-02-21,179132.0,0.0,49470.0,0.0,22505.0,0.0,0.0,-193517.0,0.0,-57590.0,-251107.0,251107.0
2012-02-28,197552.0,0.0,54075.0,0.0,23990.0,0.0,0.0,-203452.0,0.0,-72166.0,-275618.0,275617.0
2012-03-06,145997.0,0.0,39267.0,0.0,26026.0,0.0,0.0,-168222.0,0.0,-43069.0,-211291.0,211290.0
2012-03-13,138499.0,0.0,43457.0,0.0,24777.0,0.0,0.0,-165502.0,0.0,-41232.0,-206734.0,206733.0
2012-03-20,113284.0,0.0,37614.0,0.0,24875.0,0.0,0.0,-148762.0,0.0,-27010.0,-175772.0,175773.0
2012-03-27,130472.0,0.0,37905.0,0.0,29579.0,0.0,0.0,-157150.0,0.0,-40807.0,-197957.0,197956.0
2012-04-03,118185.0,0.0,37632.0,0.0,31414.0,0.0,0.0,-147222.0,0.0,-40008.0,-187230.0,187231.0
2012-04-10,109511.0,0.0,36442.0,0.0,34188.0,0.0,0.0,-139102.0,0.0,-41038.0,-180140.0,180141.0
2012-04-17,112275.0,0.0,36344.0,0.0,34558.0,0.0,0.0,-143966.0,0.0,-39209.0,-183175.0,183177.0
2012-04-24,107600.0,0.0,34405.0,0.0,31849.0,0.0,0.0,-135674.0,0.0,-38179.0,-173853.0,173854.0
2012-05-01,116061.0,0.0,39473.0,0.0,31314.0,0.0,0.0,-148410.0,0.0,-38440.0,-186850.0,186848.0
2012-05-08,92498.0,0.0,30217.0,0.0,28481.0,0.0,0.0,-130820.0,0.0,-20375.0,-151195.0,151196.0
2012-05-15,78619.0,0.0,27128.0,0.0,25205.0,0.0,0.0,-124791.0,0.0,-6161.0,-130952.0,130952.0
2012-05-22,77318.0,0.0,23731.0,0.0,29677.0,0.0,0.0,-128505.0,0.0,-2222.0,-130727.0,130726.0
2012-05-29,77325.0,0.0,22573.0,0.0,24141.0,0.0,0.0,-121290.0,0.0,-2749.0,-124039.0,124039.0
2012-06-05,98426.0,0.0,28945.0,0.0,30997.0,0.0,0.0,-136405.0,0.0,-21962.0,-158367.0,158368.0
2012-06-12,99684.0,0.0,28259.0,0.0,33238.0,0.0,0.0,-134044.0,0.0,-27137.0,-161181.0,161181.0
2012-06-19,104646.0,0.0,28778.0,0.0,33365.0,0.0,0.0,-147487.0,0.0,-19302.0,-166789.0,166789.0
2012-06-26,84161.0,0.0,23779.0,0.0,31595.0,0.0,0.0,-137972.0,0.0,-1563.0,-139535.0,139535.0
2012-07-03,108278.0,0.0,31044.0,0.0,28958.0,0.0,0.0,-152775.0,0.0,-15506.0,-168281.0,168280.0
2012-07-10,88973.0,0.0,28457.0,0.0,29808.0,0.0,0.0,-149345.0,2106.0,0.0,-149345.0,149344.0
2012-07-17,92964.0,0.0,31824.0,0.0,27970.0,0.0,0.0,-155016.0,2258.0,0.0,-155016.0,155016.0
2012-07-24,71129.0,0.0,25821.0,0.0,31664.0,0.0,0.0,-133046.0,4433.0,0.0,-133046.0,133047.0
2012-07-31,96200.0,0.0,31991.0,0.0,32636.0,0.0,0.0,-145671.0,0.0,-15156.0,-160827.0,160827.0
2012-08-07,85510.0,0.0,33354.0,0.0,33500.0,0.0,0.0,-133926.0,0.0,-18438.0,-152364.0,152364.0
2012-08-14,82056.0,0.0,32224.0,0.0,36167.0,0.0,0.0,-131158.0,0.0,-19288.0,-150446.0,150447.0
2012-08-21,110623.0,0.0,42444.0,0.0,29502.0,0.0,0.0,-144161.0,0.0,-38409.0,-182570.0,182569.0
2012-08-28,131687.0,0.0,49647.0,0.0,35432.0,0.0,0.0,-160589.0,0.0,-56177.0,-216766.0,216766.0
2012-09-04,144775.0,0.0,50778.0,0.0,39949.0,0.0,0.0,-178188.0,0.0,-57313.0,-235501.0,235502.0
2012-09-11,165724.0,0.0,56508.0,0.0,38199.0,0.0,0.0,-192957.0,0.0,-67474.0,-260431.0,260431.0
2012-09-18,178426.0,0.0,59501.0,0.0,42841.0,0.0,0.0,-193373.0,0.0,-87395.0,-280768.0,280768.0
2012-09-25,189870.0,0.0,58558.0,0.0,44743.0,0.0,0.0,-212638.0,0.0,-80534.0,-293172.0,293171.0
2012-10-02,195647.0,0.0,62687.0,0.0,44293.0,0.0,0.0,-216182.0,0.0,-86446.0,-302628.0,302627.0
2012-10-09,198194.0,0.0,57936.0,0.0,46103.0,0.0,0.0,-218306.0,0.0,-83925.0,-302231.0,302233.0
2012-10-16,184404.0,0.0,55346.0,0.0,41689.0,0.0,0.0,-200596.0,0.0,-80843.0,-281439.0,281439.0
2012-10-23,161987.0,0.0,54016.0,0.0,42749.0,0.0,0.0,-190187.0,0.0,-68565.0,-258752.0,258752.0
2012-10-30,149853.0,0.0,54788.0,0.0,43541.0,0.0,0.0,-185436.0,0.0,-62747.0,-248183.0,248182.0
2012-11-06,130128.0,0.0,49547.0,0.0,53558.0,0.0,0.0,-168380.0,0.0,-64852.0,-233232.0,233233.0
2012-11-13,140162.0,0.0,55471.0,0.0,54841.0,0.0,0.0,-182182.0,0.0,-68292.0,-250474.0,250474.0
2012-11-20,148630.0,0.0,57105.0,0.0,53698.0,0.0,0.0,-187799.0,0.0,-71633.0,-259432.0,259433.0
2012-11-27,168238.0,0.0,60390.0,0.0,50153.0,0.0,0.0,-200080.0,0.0,-78701.0,-278781.0,278781.0
2012-12-04,126073.0,0.0,54391.0,0.0,46229.0,0.0,0.0,-176021.0,0.0,-50672.0,-226693.0,226693.0
2012-12-11,129865.0,0.0,53640.0,0.0,46182.0,0.0,0.0,-164669.0,0.0,-65018.0,-229687.0,229687.0
2012-12-18,112421.0,0.0,47280.0,0.0,47087.0,0.0,0.0,-150361.0,0.0,-56426.0,-206787.0,206788.0
2013-01-08,92115.0,0.0,37504.0,0.0,51538.0,0.0,0.0,-134796.0,0.0,-46361.0,-181157.0,181157.0
2013-01-15,99458.0,0.0,41688.0,0.0,51760.0,0.0,0.0,-134969.0,0.0,-57936.0,-192905.0,192906.0
2013-01-22,107496.0,0.0,45302.0,0.0,51688.0,0.0,0.0,-139861.0,0.0,-64623.0,-204484.0,204486.0
2013-01-29,82081.0,0.0,41380.0,0.0,48989.0,0.0,0.0,-132115.0,0.0,-40335.0,-172450.0,172450.0
2013-02-05,86926.0,0.0,38052.0,0.0,57570.0,0.0,0.0,-136889.0,0.0,-45659.0,-182548.0,182548.0
2013-02-12,70250.0,0.0,34910.0,0.0,58331.0,0.0,0.0,-126477.0,0.0,-37014.0,-163491.0,163491.0
2013-02-19,42318.0,0.0,29655.0,0.0,56061.0,0.0,0.0,-104231.0,0.0,-23804.0,-128035.0,128034.0
2013-02-26,54180.0,0.0,20660.0,0.0,59459.0,0.0,0.0,-107625.0,0.0,-26673.0,-134298.0,134299.0
2013-03-05,39631.0,0.0,26776.0,0.0,55381.0,0.0,0.0,-97733.0,0.0,-24055.0,-121788.0,121788.0
2013-03-12,43195.0,0.0,28504.0,0.0,59099.0,0.0,0.0,-94725.0,0.0,-36074.0,-130799.0,130798.0
2013-03-19,70193.0,0.0,26093.0,0.0,57804.0,0.0,0.0,-98246.0,0.0,-55842.0,-154088.0,154090.0
2013-03-26,60126.0,0.0,26347.0,0.0,67606.0,0.0,0.0,-96997.0,0.0,-57082.0,-154079.0,154079.0
2013-04-02,47164.0,0.0,23187.0,0.0,63296.0,0.0,0.0,-83013.0,0.0,-50633.0,-133646.0,133647.0
2013-04-09,56084.0,0.0,24713.0,0.0,56468.0,0.0,0.0,-78373.0,0.0,-58891.0,-137264.0,137265.0
2013-04-16,61579.0,0.0,16573.0,0.0,44498.0,0.0,0.0,-72725.0,0.0,-49926.0,-122651.0,122650.0
2013-04-23,46168.0,0.0,2383.0,0.0,37523.0,0.0,0.0,-49747.0,0.0,-36326.0,-86073.0,86074.0
2013-04-30,54762.0,0.0,0.0,-2058.0,31128.0,0.0,0.0,-43377.0,0.0,-40454.0,-85889.0,85890.0
2013-05-07,49260.0,0.0,0.0,-1687.0,29612.0,0.0,0.0,-38096.0,0.0,-39088.0,-78871.0,78872.0
2013-05-14,39216.0,0.0,1210.0,0.0,29727.0,0.0,0.0,-27478.0,0.0,-42676.0,-70154.0,70153.0
2013-05-21,35686.0,0.0,5889.0,0.0,26247.0,0.0,0.0,-32237.0,0.0,-35585.0,-67822.0,67822.0
2013-05-28,48096.0,0.0,2760.0,0.0,7107.0,0.0,0.0,-34853.0,0.0,-23111.0,-57964.0,57963.0
2013-06-04,57113.0,0.0,776.0,0.0,7741.0,0.0,0.0,-30963.0,0.0,-34668.0,-65631.0,65630.0
2013-06-11,54779.0,0.0,104.0,0.0,5448.0,0.0,0.0,-26212.0,0.0,-34120.0,-60332.0,60331.0
2013-06-18,38951.0,0.0,1233.0,0.0,4392.0,0.0,0.0,-15847.0,0.0,-28731.0,-44578.0,44576.0
2013-06-25,31197.0,0.0,3144.0,0.0,1672.0,0.0,0.0,-14242.0,0.0,-21770.0,-36012.0,36013.0
2013-07-02,34301.0,0.0,3466.0,0.0,0.0,-3013.0,0.0,-10660.0,0.0,-24094.0,-37767.0,37767.0
2013-07-09,35691.0,0.0,3656.0,0.0,0.0,-7845.0,0.0,-10047.0,0.0,-21454.0,-39346.0,39347.0
2013-07-16,55535.0,0.0,2101.0,0.0,0.0,-14403.0,0.0,-10655.0,0.0,-32578.0,-57636.0,57636.0
2013-07-23,70067.0,0.0,278.0,0.0,0.0,-12289.0,0.0,-10680.0,0.0,-47377.0,-70346.0,70345.0
2013-07-30,65517.0,0.0,0.0,-2117.0,0.0,-13656.0,0.0,-5309.0,0.0,-44436.0,-65518.0,65517.0
2013-08-06,48103.0,0.0,3320.0,0.0,24792.0,0.0,0.0,-4514.0,0.0,-71700.0,-76214.0,76215.0
2013-08-13,56604.0,0.0,7667.0,0.0,25679.0,0.0,0.0,-8896.0,0.0,-81054.0,-89950.0,89950.0
2013-08-20,73216.0,0.0,7387.0,0.0,29680.0,0.0,0.0,-17527.0,0.0,-92756.0,-110283.0,110283.0
2013-08-27,97902.0,0.0,9937.0,0.0,28315.0,0.0,0.0,-28560.0,0.0,-107594.0,-136154.0,136154.0
2013-09-03,101396.0,0.0,14319.0,0.0,26268.0,0.0,0.0,-32584.0,0.0,-109398.0,-141982.0,141983.0
2013-09-10,84929.0,0.0,12136.0,0.0,25736.0,0.0,0.0,-21880.0,0.0,-100921.0,-122801.0,122801.0
2013-09-17,70113.0,0.0,8068.0,0.0,23716.0,0.0,0.0,-13841.0,0.0,-88057.0,-101898.0,101897.0
2013-09-24,78654.0,0.0,7000.0,0.0,21295.0,0.0,0.0,-15789.0,0.0,-91160.0,-106949.0,106949.0
2013-10-01,72938.0,0.0,7352.0,0.0,24564.0,0.0,0.0,-8615.0,0.0,-96238.0,-104853.0,104854.0
2013-10-08,84666.0,0.0,9302.0,0.0,25376.0,0.0,0.0,-16140.0,0.0,-103201.0,-119341.0,119344.0
2013-10-15,62526.0,0.0,5474.0,0.0,21586.0,0.0,0.0,-9343.0,0.0,-80243.0,-89586.0,89586.0
2013-10-22,79361.0,0.0,5142.0,0.0,29089.0,0.0,0.0,-19573.0,0.0,-94019.0,-113592.0,113592.0
2013-10-29,100707.0,0.0,6550.0,0.0,27868.0,0.0,0.0,-26125.0,0.0,-109001.0,-135126.0,135125.0
2013-11-05,87689.0,0.0,3320.0,0.0,28569.0,0.0,0.0,-27548.0,0.0,-92029.0,-119577.0,119578.0
2013-11-12,55456.0,0.0,5405.0,0.0,29247.0,0.0,0.0,-19549.0,0.0,-70558.0,-90107.0,90108.0
2013-11-19,44291.0,0.0,5319.0,0.0,27549.0,0.0,0.0,-12312.0,0.0,-64847.0,-77159.0,77159.0
2013-11-26,31735.0,0.0,1942.0,0.0,20492.0,0.0,6199.0,0.0,0.0,-60369.0,-60369.0,60368.0
2013-12-03,26774.0,0.0,16.0,0.0,21762.0,0.0,11689.0,0.0,0.0,-60241.0,-60241.0,60241.0
2013-12-10,33449.0,0.0,2284.0,0.0,23454.0,0.0,9285.0,0.0,0.0,-68471.0,-68471.0,68472.0
2013-12-17,32524.0,0.0,1603.0,0.0,22003.0,0.0,10363.0,0.0,0.0,-66493.0,-66493.0,66493.0
2013-12-24,28702.0,0.0,0.0,-854.0,25884.0,0.0,11568.0,0.0,0.0,-65300.0,-66154.0,66154.0
2013-12-31,34104.0,0.0,593.0,0.0,24211.0,0.0,7060.0,0.0,0.0,-65969.0,-65969.0,65968.0
2014-01-07,40229.0,0.0,1775.0,0.0,26250.0,0.0,4154.0,0.0,0.0,-72407.0,-72407.0,72408.0
2014-01-14,43277.0,0.0,185.0,0.0,27687.0,0.0,6687.0,0.0,0.0,-77835.0,-77835.0,77836.0
2014-01-21,43353.0,0.0,0.0,-1530.0,28924.0,0.0,6120.0,0.0,0.0,-76867.0,-78397.0,78397.0
2014-01-28,60672.0,0.0,0.0,-1370.0,29604.0,0.0,0.0,-10513.0,0.0,-78394.0,-90277.0,90276.0
2014-02-04,59408.0,0.0,800.0,0.0,28967.0,0.0,0.0,-6356.0,0.0,-82818.0,-89174.0,89175.0
2014-02-11,69291.0,0.0,984.0,0.0,29698.0,0.0,0.0,-9175.0,0.0,-90799.0,-99974.0,99973.0
2014-02-18,90942.0,0.0,6143.0,0.0,28743.0,0.0,0.0,-29265.0,0.0,-96563.0,-125828.0,125828.0
2014-02-25,113911.0,0.0,8509.0,0.0,27404.0,0.0,0.0,-39564.0,0.0,-110259.0,-149823.0,149824.0
2014-03-04,118241.0,0.0,5699.0,0.0,29097.0,0.0,0.0,-46327.0,0.0,-106711.0,-153038.0,153037.0
2014-03-11,123007.0,0.0,5846.0,0.0,29260.0,0.0,0.0,-49312.0,0.0,-108801.0,-158113.0,158113.0
2014-03-18,138429.0,0.0,8156.0,0.0,33776.0,0.0,0.0,-64662.0,0.0,-115699.0,-180361.0,180361.0
2014-03-25,120042.0,0.0,11039.0,0.0,25489.0,0.0,0.0,-28204.0,0.0,-128367.0,-156571.0,156570.0
2014-04-01,106354.0,0.0,14592.0,0.0,20766.0,0.0,0.0,-25283.0,0.0,-116431.0,-141714.0,141712.0
2014-04-08,98492.0,0.0,13114.0,0.0,22395.0,0.0,0.0,-26411.0,0.0,-107589.0,-134000.0,134001.0
2014-04-15,90137.0,0.0,7822.0,0.0,23420.0,0.0,0.0,-17767.0,0.0,-103614.0,-121381.0,121379.0
2014-04-22,90572.0,0.0,8689.0,0.0,20087.0,0.0,0.0,-17307.0,0.0,-102039.0,-119346.0,119348.0
2014-04-29,89954.0,0.0,11191.0,0.0,22142.0,0.0,0.0,-19899.0,0.0,-103387.0,-123286.0,123287.0
2014-05-06,102895.0,0.0,12249.0,0.0,24251.0,0.0,0.0,-23041.0,0.0,-116354.0,-139395.0,139395.0
2014-05-13,94329.0,0.0,10415.0,0.0,24748.0,0.0,0.0,-29720.0,0.0,-99771.0,-129491.0,129492.0
2014-05-20,90358.0,0.0,9768.0,0.0,26724.0,0.0,0.0,-29076.0,0.0,-97773.0,-126849.0,126850.0
2014-05-27,68393.0,0.0,5365.0,0.0,24317.0,0.0,0.0,-15938.0,0.0,-82136.0,-98074.0,98075.0
2014-06-03,51064.0,0.0,3042.0,0.0,25831.0,0.0,0.0,-13727.0,0.0,-66211.0,-79938.0,79937.0
2014-06-10,51280.0,0.0,2012.0,0.0,24694.0,0.0,0.0,-12296.0,0.0,-65690.0,-77986.0,77986.0
2014-06-17,66572.0,0.0,11.0,0.0,28082.0,0.0,0.0,-15841.0,0.0,-78825.0,-94666.0,94665.0
2014-06-24,114356.0,0.0,10406.0,0.0,31884.0,0.0,0.0,-38631.0,0.0,-118015.0,-156646.0,156646.0
2014-07-01,136929.0,0.0,14829.0,0.0,31375.0,0.0,0.0,-53712.0,0.0,-129422.0,-183134.0,183133.0
2014-07-08,144272.0,0.0,16377.0,0.0,25819.0,0.0,0.0,-58261.0,0.0,-128206.0,-186467.0,186468.0
2014-07-15,131971.0,0.0,15416.0,0.0,28201.0,0.0,0.0,-54313.0,0.0,-121276.0,-175589.0,175588.0
2014-07-22,136120.0,0.0,14573.0,0.0,30576.0,0.0,0.0,-57147.0,0.0,-124122.0,-181269.0,181269.0
2014-07-29,122092.0,0.0,9944.0,0.0,32681.0,0.0,0.0,-55292.0,0.0,-109425.0,-164717.0,164717.0
2014-08-05,104111.0,0.0,10387.0,0.0,29763.0,0.0,0.0,-47014.0,0.0,-97247.0,-144261.0,144261.0
2014-08-12,133708.0,0.0,12989.0,0.0,32251.0,0.0,0.0,-56406.0,0.0,-122543.0,-178949.0,178948.0
2014-08-19,116916.0,0.0,4630.0,0.0,35902.0,0.0,0.0,-54095.0,0.0,-103353.0,-157448.0,157448.0
2014-08-26,92734.0,0.0,10483.0,0.0,32897.0,0.0,0.0,-41755.0,0.0,-94360.0,-136115.0,136114.0
2014-09-02,74031.0,0.0,7470.0,0.0,31794.0,0.0,0.0,-37476.0,0.0,-75818.0,-113294.0,113295.0
2014-09-09,71376.0,0.0,3129.0,0.0,30908.0,0.0,0.0,-37015.0,0.0,-68398.0,-105413.0,105413.0
2014-09-16,55716.0,0.0,4852.0,0.0,26945.0,0.0,0.0,-30557.0,0.0,-56957.0,-87514.0,87513.0
2014-09-23,44265.0,0.0,1457.0,0.0,26490.0,0.0,0.0,-26683.0,0.0,-45530.0,-72213.0,72212.0
2014-09-30,37743.0,0.0,0.0,-3214.0,29339.0,0.0,0.0,-30037.0,0.0,-33832.0,-67083.0,67082.0
2014-10-07,37275.0,0.0,0.0,-2511.0,29693.0,0.0,0.0,-28485.0,0.0,-35972.0,-66968.0,66968.0
2014-10-14,51994.0,0.0,0.0,-6463.0,35366.0,0.0,0.0,-31115.0,0.0,-49782.0,-87360.0,87360.0
2014-10-21,75273.0,0.0,0.0,-3868.0,36006.0,0.0,0.0,-43651.0,0.0,-63759.0,-111278.0,111279.0
2014-10-28,70298.0,0.0,0.0,-2449.0,34224.0,0.0,0.0,-45906.0,0.0,-56166.0,-104521.0,104522.0
2014-11-04,45072.0,0.0,0.0,-7357.0,16166.0,0.0,0.0,-30850.0,0.0,-23031.0,-61238.0,61238.0
2014-11-11,38673.0,0.0,0.0,-5544.0,16083.0,0.0,0.0,-30522.0,0.0,-18689.0,-54755.0,54756.0
2014-11-18,60307.0,0.0,0.0,-10451.0,24569.0,0.0,0.0,-36513.0,0.0,-37911.0,-84875.0,84876.0
2014-11-25,66228.0,0.0,0.0,-7265.0,25250.0,0.0,0.0,-37948.0,0.0,-46266.0,-91479.0,91478.0
2014-12-02,79497.0,0.0,0.0,-32.0,25254.0,0.0,0.0,-45638.0,0.0,-59081.0,-104751.0,104751.0
2014-12-09,104532.0,0.0,792.0,0.0,31053.0,0.0,0.0,-57121.0,0.0,-79256.0,-136377.0,136377.0
2014-12-16,103738.0,0.0,0.0,-3334.0,32636.0,0.0,0.0,-60031.0,0.0,-73010.0,-136375.0,136374.0
2014-12-23,93099.0,0.0,0.0,-6589.0,32099.0,0.0,0.0,-48731.0,0.0,-69878.0,-125198.0,125198.0
2014-12-30,98391.0,0.0,0.0,-3162.0,32752.0,0.0,0.0,-52873.0,0.0,-75108.0,-131143.0,131143.0
2015-01-06,106734.0,0.0,0.0,-243.0,31631.0,0.0,0.0,-57667.0,0.0,-80454.0,-138364.0,138365.0
2015-01-13,114728.0,0.0,6302.0,0.0,33823.0,0.0,0.0,-63888.0,0.0,-90967.0,-154855.0,154853.0
2015-01-20,145732.0,0.0,13071.0,0.0,42969.0,0.0,0.0,-87963.0,0.0,-113809.0,-201772.0,201772.0
2015-01-27,167693.0,0.0,16874.0,0.0,43544.0,0.0,0.0,-94907.0,0.0,-133204.0,-228111.0,228111.0
2015-02-03,161998.0,0.0,18848.0,0.0,41098.0,0.0,0.0,-89687.0,0.0,-132258.0,-221945.0,221944.0
2015-02-10,133964.0,0.0,16705.0,0.0,39019.0,0.0,0.0,-77633.0,0.0,-112056.0,-189689.0,189688.0
2015-02-17,110164.0,0.0,13206.0,0.0,36427.0,0.0,0.0,-72860.0,0.0,-86937.0,-159797.0,159797.0
2015-02-24,103528.0,0.0,11625.0,0.0,35337.0,0.0,0.0,-68300.0,0.0,-82190.0,-150490.0,150490.0
2015-03-03,87966.0,0.0,8586.0,0.0,40547.0,0.0,0.0,-62583.0,0.0,-74516.0,-137099.0,137099.0
2015-03-10,64925.0,0.0,8478.0,0.0,32304.0,0.0,0.0,-49297.0,0.0,-56410.0,-105707.0,105707.0
2015-03-17,35121.0,0.0,4423.0,0.0,34679.0,0.0,0.0,-41362.0,0.0,-32861.0,-74223.0,74223.0
2015-03-24,31653.0,0.0,0.0,-482.0,42603.0,0.0,0.0,-43637.0,0.0,-30137.0,-74256.0,74256.0
2015-03-31,45676.0,0.0,1392.0,0.0,42950.0,0.0,0.0,-51032.0,0.0,-38985.0,-90017.0,90018.0
2015-04-07,65366.0,0.0,7440.0,0.0,45580.0,0.0,0.0,-62349.0,0.0,-56037.0,-118386.0,118386.0
2015-04-14,57603.0,0.0,5223.0,0.0,51146.0,0.0,0.0,-62163.0,0.0,-51809.0,-113972.0,113972.0
2015-04-21,58466.0,0.0,3682.0,0.0,53788.0,0.0,0.0,-55572.0,0.0,-60365.0,-115937.0,115936.0
2015-04-28,60653.0,0.0,5360.0,0.0,49249.0,0.0,0.0,-54810.0,0.0,-60451.0,-115261.0,115262.0
2015-05-05,31661.0,0.0,1854.0,0.0,47420.0,0.0,0.0,-40634.0,0.0,-40302.0,-80936.0,80935.0
2015-05-12,36150.0,0.0,715.0,0.0,46583.0,0.0,0.0,-43324.0,0.0,-40124.0,-83448.0,83448.0
2015-05-19,86672.0,0.0,10310.0,0.0,43579.0,0.0,0.0,-77418.0,0.0,-63142.0,-140560.0,140561.0
2015-05-26,73025.0,0.0,5469.0,0.0,38104.0,0.0,0.0,-75192.0,0.0,-41405.0,-116597.0,116598.0
2015-06-02,68908.0,0.0,4342.0,0.0,42730.0,0.0,0.0,-75387.0,0.0,-40592.0,-115979.0,115980.0
2015-06-09,44717.0,0.0,4102.0,0.0,34663.0,0.0,0.0,-62449.0,0.0,-21034.0,-83483.0,83482.0
2015-06-16,42818.0,0.0,1678.0,0.0,38795.0,0.0,0.0,-61331.0,0.0,-21960.0,-83291.0,83291.0
2015-06-23,47671.0,0.0,6412.0,0.0,51083.0,0.0,0.0,-78595.0,0.0,-26572.0,-105167.0,105166.0
2015-06-30,21480.0,0.0,8310.0,0.0,48292.0,0.0,0.0,-66548.0,0.0,-11535.0,-78083.0,78082.0
2015-07-07,7574.0,0.0,2461.0,0.0,43035.0,0.0,0.0,-55336.0,2266.0,0.0,-55336.0,55336.0
2015-07-14,4633.0,0.0,1339.0,0.0,44351.0,0.0,0.0,-54018.0,3695.0,0.0,-54018.0,54018.0
2015-07-21,0.0,-11345.0,0.0,-5943.0,34913.0,0.0,0.0,-42007.0,24381.0,0.0,-59295.0,59294.0
2015-07-28,0.0,-11334.0,0.0,-12463.0,35212.0,0.0,0.0,-39718.0,28302.0,0.0,-63515.0,63514.0
2015-08-04,0.0,-10293.0,0.0,-14398.0,37941.0,0.0,0.0,-42219.0,28969.0,0.0,-66910.0,66910.0
2015-08-11,0.0,-2794.0,0.0,-7579.0,35096.0,0.0,0.0,-47202.0,22477.0,0.0,-57575.0,57573.0
2015-08-18,12764.0,0.0,0.0,-11351.0,32309.0,0.0,0.0,-51434.0,17712.0,0.0,-62785.0,62785.0
2015-08-25,44271.0,0.0,0.0,-8343.0,32445.0,0.0,0.0,-72341.0,3967.0,0.0,-80684.0,80683.0
2015-09-01,44416.0,0.0,0.0,-3332.0,33357.0,0.0,0.0,-70337.0,0.0,-4104.0,-77773.0,77773.0
2015-09-08,28286.0,0.0,0.0,-3092.0,31523.0,0.0,0.0,-58130.0,1412.0,0.0,-61222.0,61221.0
2015-09-15,6866.0,0.0,0.0,-6047.0,29225.0,0.0,0.0,-43086.0,13043.0,0.0,-49133.0,49134.0
2015-09-22,21525.0,0.0,0.0,-3680.0,37837.0,0.0,0.0,-56763.0,1079.0,0.0,-60443.0,60441.0
2015-09-29,41849.0,0.0,0.0,-2986.0,36898.0,0.0,0.0,-65288.0,0.0,-10472.0,-78746.0,78747.0
2015-10-06,49822.0,0.0,2214.0,0.0,42998.0,0.0,0.0,-71357.0,0.0,-23678.0,-95035.0,95034.0
2015-10-13,82546.0,0.0,1573.0,0.0,43987.0,0.0,0.0,-86853.0,0.0,-41253.0,-128106.0,128106.0
2015-10-20,121804.0,0.0,12152.0,0.0,40996.0,0.0,0.0,-110046.0,0.0,-64906.0,-174952.0,174952.0
2015-10-27,120645.0,0.0,8752.0,0.0,42083.0,0.0,0.0,-109833.0,0.0,-61648.0,-171481.0,171480.0
2015-11-03,72075.0,0.0,9730.0,0.0,41575.0,0.0,0.0,-91185.0,0.0,-32195.0,-123380.0,123380.0
2015-11-10,21530.0,0.0,4576.0,0.0,43246.0,0.0,0.0,-67125.0,0.0,-2228.0,-69353.0,69352.0
2015-11-17,0.0,-8989.0,0.0,-4498.0,37952.0,0.0,0.0,-51479.0,27014.0,0.0,-64966.0,64966.0
2015-11-24,0.0,-14655.0,0.0,-3660.0,34898.0,0.0,0.0,-43691.0,27107.0,0.0,-62006.0,62005.0
2015-12-01,0.0,-17949.0,0.0,-5991.0,30989.0,0.0,0.0,-33617.0,26567.0,0.0,-57557.0,57556.0
2015-12-08,0.0,-14089.0,0.0,-4953.0,38586.0,0.0,0.0,-38316.0,18772.0,0.0,-57358.0,57358.0
2015-12-15,0.0,-21881.0,0.0,-4544.0,42194.0,0.0,0.0,-41267.0,25497.0,0.0,-67692.0,67691.0
2015-12-22,0.0,-14902.0,0.0,-3603.0,47085.0,0.0,0.0,-54433.0,25853.0,0.0,-72938.0,72938.0
2015-12-29,0.0,-24263.0,0.0,-3250.0,47573.0,0.0,0.0,-43487.0,23427.0,0.0,-71000.0,71000.0
2016-01-05,0.0,-13577.0,0.0,-6767.0,44164.0,0.0,0.0,-44262.0,20441.0,0.0,-64606.0,64605.0
2016-01-12,902.0,0.0,0.0,-988.0,47345.0,0.0,0.0,-50264.0,3005.0,0.0,-51252.0,51252.0
2016-01-19,1934.0,0.0,0.0,-3406.0,45139.0,0.0,0.0,-47605.0,3938.0,0.0,-51011.0,51011.0
2016-01-26,23849.0,0.0,899.0,0.0,44882.0,0.0,0.0,-53265.0,0.0,-16365.0,-69630.0,69630.0
2016-02-02,35620.0,0.0,4845.0,0.0,48244.0,0.0,0.0,-59485.0,0.0,-29224.0,-88709.0,88709.0
2016-02-09,72912.0,0.0,6246.0,0.0,52474.0,0.0,0.0,-76849.0,0.0,-54782.0,-131631.0,131632.0
2016-02-16,93934.0,0.0,14795.0,0.0,54692.0,0.0,0.0,-94385.0,0.0,-69035.0,-163420.0,163421.0
2016-02-23,123566.0,0.0,17934.0,0.0,55413.0,0.0,0.0,-113869.0,0.0,-83044.0,-196913.0,196913.0
2016-03-01,122539.0,0.0,19133.0,0.0,61078.0,0.0,0.0,-120192.0,0.0,-82557.0,-202749.0,202750.0
2016-03-08,148266.0,0.0,20685.0,0.0,64591.0,0.0,0.0,-135869.0,0.0,-97673.0,-233542.0,233542.0
2016-03-15,146805.0,0.0,16483.0,0.0,56618.0,0.0,0.0,-132343.0,0.0,-87563.0,-219906.0,219906.0
2016-03-22,161610.0,0.0,21257.0,0.0,54729.0,0.0,0.0,-138515.0,0.0,-99083.0,-237598.0,237596.0
2016-03-29,164946.0,0.0,18716.0,0.0,49169.0,0.0,0.0,-131043.0,0.0,-101787.0,-232830.0,232831.0
2016-04-05,163589.0,0.0,17065.0,0.0,49760.0,0.0,0.0,-134527.0,0.0,-95885.0,-230412.0,230414.0
2016-04-12,184218.0,0.0,18005.0,0.0,58506.0,0.0,0.0,-151301.0,0.0,-109428.0,-260729.0,260729.0
2016-04-19,188030.0,0.0,23047.0,0.0,57539.0,0.0,0.0,-153985.0,0.0,-114630.0,-268615.0,268616.0
2016-04-26,184087.0,0.0,20156.0,0.0,59256.0,0.0,0.0,-151357.0,0.0,-112142.0,-263499.0,263499.0
2016-05-03,233638.0,0.0,23564.0,0.0,66258.0,0.0,0.0,-177537.0,0.0,-145924.0,-323461.0,323460.0
2016-05-10,225884.0,0.0,20881.0,0.0,67524.0,0.0,0.0,-165557.0,0.0,-148732.0,-314289.0,314289.0
2016-05-17,227651.0,0.0,24240.0,0.0,70999.0,0.0,0.0,-157423.0,0.0,-165467.0,-322890.0,322890.0
2016-05-24,169491.0,0.0,19964.0,0.0,64584.0,0.0,0.0,-103247.0,0.0,-150792.0,-254039.0,254039.0
2016-05-31,155776.0,0.0,18125.0,0.0,59861.0,0.0,0.0,-98828.0,0.0,-134934.0,-233762.0,233762.0
2016-06-07,186562.0,0.0,15087.0,0.0,64115.0,0.0,0.0,-125419.0,0.0,-140346.0,-265765.0,265764.0
2016-06-14,240862.0,0.0,17013.0,0.0,65177.0,0.0,0.0,-154587.0,0.0,-168466.0,-323053.0,323052.0
2016-06-21,256898.0,0.0,18417.0,0.0,59627.0,0.0,0.0,-152246.0,0.0,-182696.0,-334942.0,334942.0
2016-06-28,273179.0,0.0,24289.0,0.0,56604.0,0.0,0.0,-155428.0,0.0,-198644.0,-354072.0,354072.0
2016-07-05,286921.0,0.0,24263.0,0.0,60825.0,0.0,0.0,-155215.0,0.0,-216794.0,-372009.0,372009.0
2016-07-12,271529.0,0.0,28095.0,0.0,57739.0,0.0,0.0,-147389.0,0.0,-209973.0,-357362.0,357363.0
2016-07-19,264498.0,0.0,29961.0,0.0,54291.0,0.0,0.0,-140609.0,0.0,-208140.0,-348749.0,348750.0
2016-07-26,256930.0,0.0,30217.0,0.0,48575.0,0.0,0.0,-138932.0,0.0,-196790.0,-335722.0,335722.0
2016-08-02,267289.0,0.0,30108.0,0.0,58975.0,0.0,0.0,-150852.0,0.0,-205520.0,-356372.0,356372.0
2016-08-09,255773.0,0.0,26977.0,0.0,56948.0,0.0,0.0,-140172.0,0.0,-199527.0,-339699.0,339698.0
2016-08-16,253676.0,0.0,27697.0,0.0,58762.0,0.0,0.0,-143552.0,0.0,-196583.0,-340135.0,340135.0
2016-08-23,264954.0,0.0,23362.0,0.0,57745.0,0.0,0.0,-143208.0,0.0,-202853.0,-346061.0,346061.0
2016-08-30,238152.0,0.0,26182.0,0.0,53556.0,0.0,0.0,-138111.0,0.0,-179779.0,-317890.0,317890.0
2016-09-06,278994.0,0.0,22413.0,0.0,51129.0,0.0,0.0,-156686.0,0.0,-195851.0,-352537.0,352536.0
2016-09-13,248858.0,0.0,27011.0,0.0,53468.0,0.0,0.0,-151206.0,0.0,-178130.0,-329336.0,329337.0
2016-09-20,219134.0,0.0,35604.0,0.0,53521.0,0.0,0.0,-140680.0,0.0,-167580.0,-308260.0,308259.0
2016-09-27,261892.0,0.0,23368.0,0.0,49230.0,0.0,0.0,-152709.0,0.0,-181781.0,-334490.0,334490.0
2016-10-04,205176.0,0.0,28047.0,0.0,56471.0,0.0,0.0,-128450.0,0.0,-161244.0,-289694.0,289694.0
2016-10-11,153776.0,0.0,27576.0,0.0,56821.0,0.0,0.0,-113571.0,0.0,-124603.0,-238174.0,238173.0
2016-10-18,137260.0,0.0,25364.0,0.0,57635.0,0.0,0.0,-105924.0,0.0,-114335.0,-220259.0,220259.0
2016-10-25,151807.0,0.0,22184.0,0.0,60607.0,0.0,0.0,-111244.0,0.0,-123353.0,-234597.0,234598.0
2016-11-01,172532.0,0.0,24490.0,0.0,52375.0,0.0,0.0,-126103.0,0.0,-123293.0,-249396.0,249397.0
2016-11-08,176374.0,0.0,29143.0,0.0,46775.0,0.0,0.0,-129815.0,0.0,-122475.0,-252290.0,252292.0
2016-11-15,132064.0,0.0,24579.0,0.0,42674.0,0.0,0.0,-100464.0,0.0,-98855.0,-199319.0,199317.0
2016-11-22,121235.0,0.0,27074.0,0.0,37480.0,0.0,0.0,-94258.0,0.0,-91531.0,-185789.0,185789.0
2016-11-29,103392.0,0.0,17281.0,0.0,39315.0,0.0,0.0,-87500.0,0.0,-72487.0,-159987.0,159988.0
2016-12-06,80814.0,0.0,20477.0,0.0,46841.0,0.0,0.0,-80504.0,0.0,-67629.0,-148133.0,148132.0
2016-12-13,68905.0,0.0,22906.0,0.0,51271.0,0.0,0.0,-78875.0,0.0,-64205.0,-143080.0,143082.0
2016-12-20,53911.0,0.0,21697.0,0.0,49706.0,0.0,0.0,-77600.0,0.0,-47716.0,-125316.0,125314.0
2016-12-27,41247.0,0.0,21506.0,0.0,49937.0,0.0,0.0,-73706.0,0.0,-38985.0,-112691.0,112690.0
2017-01-03,34560.0,0.0,22087.0,0.0,55557.0,0.0,0.0,-72497.0,0.0,-39709.0,-112206.0,112204.0
2017-01-10,54399.0,0.0,16625.0,0.0,52126.0,0.0,0.0,-72642.0,0.0,-50509.0,-123151.0,123150.0
2017-01-17,59936.0,0.0,15619.0,0.0,46945.0,0.0,0.0,-75580.0,0.0,-46919.0,-122499.0,122500.0
2017-01-24,59679.0,0.0,16444.0,0.0,47644.0,0.0,0.0,-83708.0,0.0,-40060.0,-123768.0,123767.0
2017-01-31,72067.0,0.0,13128.0,0.0,47026.0,0.0,0.0,-86609.0,0.0,-45612.0,-132221.0,132221.0
2017-02-07,75727.0,0.0,16875.0,0.0,45642.0,0.0,0.0,-90867.0,0.0,-47378.0,-138245.0,138244.0
2017-02-14,67982.0,0.0,18298.0,0.0,42455.0,0.0,0.0,-89720.0,0.0,-39015.0,-128735.0,128735.0
2017-02-21,82464.0,0.0,15656.0,0.0,46789.0,0.0,0.0,-97380.0,0.0,-47530.0,-144910.0,144909.0
2017-02-28,121720.0,0.0,16307.0,0.0,46385.0,0.0,0.0,-111045.0,0.0,-73366.0,-184411.0,184412.0
2017-03-07,93893.0,0.0,20504.0,0.0,37608.0,0.0,0.0,-99888.0,0.0,-52116.0,-152004.0,152005.0
2017-03-14,49835.0,0.0,19430.0,0.0,47898.0,0.0,0.0,-89363.0,0.0,-27800.0,-117163.0,117163.0
2017-03-21,65971.0,0.0,13044.0,0.0,56166.0,0.0,0.0,-105679.0,0.0,-29501.0,-135180.0,135181.0
2017-03-28,99150.0,0.0,16612.0,0.0,44738.0,0.0,0.0,-119661.0,0.0,-40838.0,-160499.0,160500.0
2017-04-04,115605.0,0.0,16032.0,0.0,45578.0,0.0,0.0,-129533.0,0.0,-47682.0,-177215.0,177215.0
2017-04-11,140407.0,0.0,15016.0,0.0,36724.0,0.0,0.0,-140277.0,0.0,-51870.0,-192147.0,192147.0
2017-04-18,161263.0,0.0,14982.0,0.0,39080.0,0.0,0.0,-152491.0,0.0,-62834.0,-215325.0,215325.0
2017-04-25,165281.0,0.0,15061.0,0.0,30979.0,0.0,0.0,-156776.0,0.0,-54545.0,-211321.0,211321.0
2017-05-02,148432.0,0.0,15326.0,0.0,36575.0,0.0,0.0,-158047.0,0.0,-42284.0,-200331.0,200333.0
2017-05-09,99920.0,0.0,15965.0,0.0,41465.0,0.0,0.0,-139725.0,0.0,-17626.0,-157351.0,157350.0
2017-05-16,69923.0,0.0,17910.0,0.0,50334.0,0.0,0.0,-131545.0,0.0,-6622.0,-138167.0,138167.0
2017-05-23,117661.0,0.0,15371.0,0.0,41950.0,0.0,0.0,-152009.0,0.0,-22972.0,-174981.0,174982.0
2017-05-30,131572.0,0.0,16617.0,0.0,40236.0,0.0,0.0,-153093.0,0.0,-35333.0,-188426.0,188425.0
2017-06-06,174658.0,0.0,11739.0,0.0,39443.0,0.0,0.0,-169828.0,0.0,-56013.0,-225841.0,225840.0
2017-06-13,155037.0,0.0,13650.0,0.0,42085.0,0.0,0.0,-162413.0,0.0,-48358.0,-210771.0,210772.0
2017-06-20,105357.0,0.0,15145.0,0.0,46227.0,0.0,0.0,-143700.0,0.0,-23030.0,-166730.0,166729.0
2017-06-27,76732.0,0.0,19712.0,0.0,55425.0,0.0,0.0,-134690.0,0.0,-17178.0,-151868.0,151869.0
2017-07-04,37776.0,0.0,14584.0,0.0,52905.0,0.0,0.0,-123223.0,17959.0,0.0,-123223.0,123224.0
2017-07-11,27100.0,0.0,15272.0,0.0,27934.0,0.0,0.0,-113063.0,42757.0,0.0,-113063.0,113063.0
2017-07-18,28820.0,0.0,14799.0,0.0,29224.0,0.0,0.0,-116373.0,43529.0,0.0,-116373.0,116372.0
2017-07-25,75048.0,0.0,12561.0,0.0,17287.0,0.0,0.0,-132860.0,27964.0,0.0,-132860.0,132860.0
2017-08-01,122773.0,0.0,13614.0,0.0,12868.0,0.0,0.0,-144093.0,0.0,-5162.0,-149255.0,149255.0
2017-08-08,138566.0,0.0,10773.0,0.0,11277.0,0.0,0.0,-144155.0,0.0,-16462.0,-160617.0,160616.0
2017-08-15,179537.0,0.0,8525.0,0.0,12294.0,0.0,0.0,-158231.0,0.0,-42124.0,-200355.0,200356.0
2017-08-22,196331.0,0.0,11132.0,0.0,19120.0,0.0,0.0,-175401.0,0.0,-51183.0,-226584.0,226583.0
2017-08-29,231896.0,0.0,16532.0,0.0,14543.0,0.0,0.0,-187017.0,0.0,-75953.0,-262970.0,262971.0
2017-09-05,249588.0,0.0,15641.0,0.0,15334.0,0.0,0.0,-192595.0,0.0,-87967.0,-280562.0,280563.0
2017-09-12,264934.0,0.0,17203.0,0.0,9485.0,0.0,0.0,-193809.0,0.0,-97813.0,-291622.0,291622.0
2017-09-19,242650.0,0.0,17691.0,0.0,10124.0,0.0,0.0,-192566.0,0.0,-77901.0,-270467.0,270465.0
2017-09-26,204731.0,0.0,17512.0,0.0,23286.0,0.0,0.0,-189003.0,0.0,-56526.0,-245529.0,245529.0
2017-10-03,185788.0,0.0,22070.0,0.0,26692.0,0.0,0.0,-183258.0,0.0,-51291.0,-234549.0,234550.0
2017-10-10,180542.0,0.0,24051.0,0.0,33996.0,0.0,0.0,-180697.0,0.0,-57893.0,-238590.0,238589.0
2017-10-17,175011.0,0.0,22431.0,0.0,34635.0,0.0,0.0,-183712.0,0.0,-48366.0,-232078.0,232077.0
2017-10-24,173043.0,0.0,20006.0,0.0,25553.0,0.0,0.0,-179000.0,0.0,-39602.0,-218602.0,218602.0
2017-10-31,166535.0,0.0,18047.0,0.0,30151.0,0.0,0.0,-178521.0,0.0,-36212.0,-214733.0,214733.0
2017-11-07,173562.0,0.0,19913.0,0.0,27790.0,0.0,0.0,-177159.0,0.0,-44107.0,-221266.0,221265.0
2017-11-14,181010.0,0.0,20835.0,0.0,21459.0,0.0,0.0,-180633.0,0.0,-42672.0,-223305.0,223304.0
2017-11-21,177066.0,0.0,23565.0,0.0,28681.0,0.0,0.0,-180012.0,0.0,-49300.0,-229312.0,229312.0
2017-11-28,204204.0,0.0,22277.0,0.0,31006.0,0.0,0.0,-183293.0,0.0,-74193.0,-257486.0,257487.0
2017-12-05,139947.0,0.0,17179.0,0.0,40120.0,0.0,0.0,-159996.0,0.0,-37251.0,-197247.0,197246.0
2017-12-12,80453.0,0.0,13021.0,0.0,26133.0,0.0,0.0,-133722.0,14115.0,0.0,-133722.0,133722.0
2017-12-19,87076.0,0.0,14659.0,0.0,29421.0,0.0,0.0,-132627.0,1471.0,0.0,-132627.0,132627.0
2017-12-26,109919.0,0.0,14051.0,0.0,28974.0,0.0,0.0,-141494.0,0.0,-11450.0,-152944.0,152944.0
2018-01-02,152650.0,0.0,13788.0,0.0,19373.0,0.0,0.0,-157398.0,0.0,-28411.0,-185809.0,185811.0
2018-01-09,198040.0,0.0,16059.0,0.0,14021.0,0.0,0.0,-177916.0,0.0,-50205.0,-228121.0,228120.0
2018-01-16,203967.0,0.0,19511.0,0.0,20338.0,0.0,0.0,-191067.0,0.0,-52750.0,-243817.0,243816.0
2018-01-23,211829.0,0.0,18557.0,0.0,17978.0,0.0,0.0,-195770.0,0.0,-52595.0,-248365.0,248364.0
2018-01-30,214595.0,0.0,17337.0,0.0,11192.0,0.0,0.0,-191651.0,0.0,-51473.0,-243124.0,243124.0
2018-02-06,191426.0,0.0,14584.0,0.0,16745.0,0.0,0.0,-181101.0,0.0,-41654.0,-222755.0,222755.0
2018-02-13,179711.0,0.0,19245.0,0.0,12738.0,0.0,0.0,-175966.0,0.0,-35729.0,-211695.0,211694.0
2018-02-20,187318.0,0.0,23739.0,0.0,19908.0,0.0,0.0,-180012.0,0.0,-50953.0,-230965.0,230965.0
2018-02-27,157634.0,0.0,21344.0,0.0,25887.0,0.0,0.0,-176637.0,0.0,-28228.0,-204865.0,204865.0
2018-03-06,161812.0,0.0,21894.0,0.0,31525.0,0.0,0.0,-176582.0,0.0,-38649.0,-215231.0,215231.0
2018-03-13,145659.0,0.0,21687.0,0.0,28903.0,0.0,0.0,-172517.0,0.0,-23733.0,-196250.0,196249.0
2018-03-20,121838.0,0.0,18994.0,0.0,31479.0,0.0,0.0,-159863.0,0.0,-12446.0,-172309.0,172311.0
2018-03-27,172834.0,0.0,23278.0,0.0,39046.0,0.0,0.0,-177238.0,0.0,-57919.0,-235157.0,235158.0
2018-04-03,137849.0,0.0,23108.0,0.0,35332.0,0.0,0.0,-166131.0,0.0,-30157.0,-196288.0,196289.0
2018-04-10,138212.0,0.0,21251.0,0.0,26015.0,0.0,0.0,-164657.0,0.0,-20822.0,-185479.0,185478.0
2018-04-17,143594.0,0.0,21838.0,0.0,30323.0,0.0,0.0,-172830.0,0.0,-22925.0,-195755.0,195755.0
2018-04-24,114363.0,0.0,25894.0,0.0,27550.0,0.0,0.0,-161809.0,0.0,-5999.0,-167808.0,167807.0
2018-05-01,51985.0,0.0,26983.0,0.0,51383.0,0.0,0.0,-147353.0,17003.0,0.0,-147353.0,147354.0
2018-05-08,52621.0,0.0,29674.0,0.0,50918.0,0.0,0.0,-145565.0,12351.0,0.0,-145565.0,145564.0
2018-05-15,31327.0,0.0,27825.0,0.0,49250.0,0.0,0.0,-136516.0,28114.0,0.0,-136516.0,136516.0
2018-05-22,27527.0,0.0,26517.0,0.0,49883.0,0.0,0.0,-125182.0,21255.0,0.0,-125182.0,125182.0
2018-05-29,61235.0,0.0,22840.0,0.0,51519.0,0.0,0.0,-135634.0,41.0,0.0,-135634.0,135635.0
2018-06-05,58066.0,0.0,24451.0,0.0,49179.0,0.0,0.0,-98212.0,0.0,-33483.0,-131695.0,131696.0
2018-06-12,64572.0,0.0,21822.0,0.0,50888.0,0.0,0.0,-96278.0,0.0,-41003.0,-137281.0,137282.0
2018-06-19,23514.0,0.0,19260.0,0.0,60235.0,0.0,0.0,-73331.0,0.0,-29678.0,-103009.0,103009.0
2018-06-26,4186.0,0.0,21439.0,0.0,60805.0,0.0,0.0,-71800.0,0.0,-14631.0,-86431.0,86430.0
2018-07-03,4291.0,0.0,16561.0,0.0,62028.0,0.0,0.0,-72410.0,0.0,-10470.0,-82880.0,82880.0
2018-07-10,3230.0,0.0,20819.0,0.0,65826.0,0.0,0.0,-69644.0,0.0,-20231.0,-89875.0,89875.0
2018-07-17,0.0,-22155.0,18201.0,0.0,61046.0,0.0,0.0,-72365.0,15274.0,0.0,-94520.0,94521.0
2018-07-24,0.0,-27156.0,17489.0,0.0,59488.0,0.0,0.0,-56194.0,6374.0,0.0,-83350.0,83351.0
2018-07-31,0.0,-41087.0,14805.0,0.0,58020.0,0.0,0.0,-49783.0,18044.0,0.0,-90870.0,90869.0
2018-08-07,0.0,-63282.0,15229.0,0.0,56287.0,0.0,0.0,-46120.0,37885.0,0.0,-109402.0,109401.0
2018-08-14,0.0,-77273.0,13776.0,0.0,51923.0,0.0,0.0,-39687.0,51260.0,0.0,-116960.0,116959.0
2018-08-21,0.0,-78579.0,11255.0,0.0,54615.0,0.0,0.0,-38208.0,50917.0,0.0,-116787.0,116787.0
2018-08-28,0.0,-69453.0,15374.0,0.0,52500.0,0.0,0.0,-39507.0,41086.0,0.0,-108960.0,108960.0
2018-09-04,0.0,-78918.0,8834.0,0.0,44662.0,0.0,0.0,-37578.0,63000.0,0.0,-116496.0,116496.0
2018-09-11,0.0,-71425.0,9224.0,0.0,42909.0,0.0,0.0,-38755.0,58048.0,0.0,-110180.0,110181.0
2018-09-18,0.0,-74390.0,11104.0,0.0,45472.0,0.0,0.0,-36940.0,54755.0,0.0,-111330.0,111331.0
2018-09-25,0.0,-77313.0,12434.0,0.0,44550.0,0.0,0.0,-38307.0,58635.0,0.0,-115620.0,115619.0
2018-10-02,0.0,-73128.0,14177.0,0.0,37927.0,0.0,0.0,-36811.0,57836.0,0.0,-109939.0,109940.0
2018-10-09,0.0,-103009.0,14381.0,0.0,46010.0,0.0,0.0,-33335.0,75952.0,0.0,-136344.0,136343.0
2018-10-16,0.0,-37372.0,16041.0,0.0,52331.0,0.0,0.0,-63184.0,32183.0,0.0,-100556.0,100555.0
2018-10-23,0.0,-26899.0,19180.0,0.0,55302.0,0.0,0.0,-69602.0,22019.0,0.0,-96501.0,96501.0
2018-10-30,0.0,-45622.0,19951.0,0.0,51598.0,0.0,0.0,-60572.0,34645.0,0.0,-106194.0,106194.0
2018-11-06,0.0,-37486.0,21681.0,0.0,49696.0,0.0,0.0,-61820.0,27929.0,0.0,-99306.0,99306.0
2018-11-13,0.0,-70864.0,12897.0,0.0,47933.0,0.0,0.0,-42718.0,52752.0,0.0,-113582.0,113582.0
2018-11-20,0.0,-43364.0,15728.0,0.0,47981.0,0.0,0.0,-46878.0,26532.0,0.0,-90242.0,90241.0
2018-11-27,0.0,-51828.0,14073.0,0.0,49310.0,0.0,0.0,-40290.0,28737.0,0.0,-92118.0,92120.0
2018-12-04,0.0,-1539.0,10500.0,0.0,54259.0,0.0,0.0,-56096.0,0.0,-7124.0,-64759.0,64759.0
2018-12-11,10252.0,0.0,17819.0,0.0,58450.0,0.0,0.0,-66527.0,0.0,-19993.0,-86520.0,86521.0
2018-12-18,24569.0,0.0,18196.0,0.0,62928.0,0.0,0.0,-64446.0,0.0,-41248.0,-105694.0,105693.0
2018-12-25,56949.0,0.0,18242.0,0.0,74406.0,0.0,0.0,-70040.0,0.0,-79558.0,-149598.0,149597.0
2019-01-01,72711.0,0.0,21742.0,0.0,72193.0,0.0,0.0,-73483.0,0.0,-93163.0,-166646.0,166646.0
2019-01-08,49948.0,0.0,22481.0,0.0,71344.0,0.0,0.0,-64038.0,0.0,-79735.0,-143773.0,143773.0
2019-01-15,43806.0,0.0,20889.0,0.0,69171.0,0.0,0.0,-62446.0,0.0,-71420.0,-133866.0,133866.0
2019-01-22,34099.0,0.0,18776.0,0.0,62840.0,0.0,0.0,-62178.0,0.0,-53535.0,-115713.0,115715.0
2019-01-29,55804.0,0.0,19839.0,0.0,68386.0,0.0,0.0,-72934.0,0.0,-71093.0,-144027.0,144029.0
2019-02-05,66532.0,0.0,23320.0,0.0,64235.0,0.0,0.0,-73614.0,0.0,-80472.0,-154086.0,154087.0
2019-02-12,64494.0,0.0,22542.0,0.0,62058.0,0.0,0.0,-73924.0,0.0,-75170.0,-149094.0,149094.0
2019-02-19,108711.0,0.0,21744.0,0.0,61917.0,0.0,0.0,-85572.0,0.0,-106800.0,-192372.0,192372.0
2019-02-26,104230.0,0.0,25324.0,0.0,56704.0,0.0,0.0,-85269.0,0.0,-100990.0,-186259.0,186258.0
2019-03-05,47872.0,0.0,27153.0,0.0,49524.0,0.0,0.0,-73239.0,0.0,-51311.0,-124550.0,124549.0
2019-03-12,41774.0,0.0,31516.0,0.0,57078.0,0.0,0.0,-62501.0,0.0,-67866.0,-130367.0,130368.0
2019-03-19,57746.0,0.0,29779.0,0.0,54381.0,0.0,0.0,-67229.0,0.0,-74677.0,-141906.0,141906.0
2019-03-26,79757.0,0.0,33023.0,0.0,57368.0,0.0,0.0,-68401.0,0.0,-101747.0,-170148.0,170148.0
2019-04-02,39158.0,0.0,25182.0,0.0,59812.0,0.0,0.0,-57060.0,0.0,-67092.0,-124152.0,124152.0
2019-04-09,55737.0,0.0,29098.0,0.0,61607.0,0.0,0.0,-58566.0,0.0,-87876.0,-146442.0,146442.0
2019-04-16,0.0,-3969.0,24698.0,0.0,59686.0,0.0,0.0,-43169.0,0.0,-37245.0,-84383.0,84384.0
2019-04-23,0.0,-22328.0,21739.0,0.0,58350.0,0.0,0.0,-35361.0,0.0,-22400.0,-80089.0,80089.0
2019-04-30,10440.0,0.0,23533.0,0.0,59710.0,0.0,0.0,-51193.0,0.0,-42489.0,-93682.0,93683.0
2019-05-07,19721.0,0.0,22290.0,0.0,58426.0,0.0,0.0,-47197.0,0.0,-53239.0,-100436.0,100437.0
2019-05-14,65922.0,0.0,12554.0,0.0,62526.0,0.0,0.0,-63570.0,0.0,-77433.0,-141003.0,141002.0
2019-05-21,24378.0,0.0,21496.0,0.0,55311.0,0.0,0.0,-62527.0,0.0,-38656.0,-101183.0,101185.0
2019-05-28,33134.0,0.0,23198.0,0.0,52399.0,0.0,0.0,-62300.0,0.0,-46433.0,-108733.0,108731.0
2019-06-04,117915.0,0.0,17029.0,0.0,57751.0,0.0,0.0,-83307.0,0.0,-109388.0,-192695.0,192695.0
2019-06-11,156718.0,0.0,18465.0,0.0,49223.0,0.0,0.0,-90149.0,0.0,-134256.0,-224405.0,224406.0
2019-06-18,189681.0,0.0,20066.0,0.0,45852.0,0.0,0.0,-98963.0,0.0,-156635.0,-255598.0,255599.0
2019-06-25,229664.0,0.0,23945.0,0.0,49300.0,0.0,0.0,-122831.0,0.0,-180077.0,-302908.0,302909.0
2019-07-02,241163.0,0.0,29935.0,0.0,53660.0,0.0,0.0,-136717.0,0.0,-188040.0,-324757.0,324758.0
2019-07-09,217142.0,0.0,35653.0,0.0,57413.0,0.0,0.0,-138498.0,0.0,-171710.0,-310208.0,310208.0
2019-07-16,219888.0,0.0,33798.0,0.0,59385.0,0.0,0.0,-126008.0,0.0,-187064.0,-313072.0,313071.0
2019-07-23,217517.0,0.0,38590.0,0.0,62313.0,0.0,0.0,-123333.0,0.0,-195087.0,-318420.0,318420.0
2019-07-30,231365.0,0.0,34576.0,0.0,61482.0,0.0,0.0,-129787.0,0.0,-197636.0,-327423.0,327423.0
2019-08-06,285082.0,0.0,32058.0,0.0,61542.0,0.0,0.0,-137987.0,0.0,-240695.0,-378682.0,378682.0
2019-08-13,277968.0,0.0,34427.0,0.0,66300.0,0.0,0.0,-139861.0,0.0,-238834.0,-378695.0,378695.0
2019-08-20,285090.0,0.0,36463.0,0.0,64556.0,0.0,0.0,-145161.0,0.0,-240950.0,-386111.0,386109.0
2019-08-27,287851.0,0.0,37450.0,0.0,73522.0,0.0,0.0,-151952.0,0.0,-246871.0,-398823.0,398823.0
2019-09-03,290709.0,0.0,36913.0,0.0,73989.0,0.0,0.0,-160734.0,0.0,-240878.0,-401612.0,401611.0
2019-09-10,247728.0,0.0,37247.0,0.0,62046.0,0.0,0.0,-157104.0,0.0,-189918.0,-347022.0,347021.0
2019-09-17,261878.0,0.0,36417.0,0.0,66431.0,0.0,0.0,-162026.0,0.0,-202700.0,-364726.0,364726.0
2019-09-24,292066.0,0.0,34039.0,0.0,65899.0,0.0,0.0,-161697.0,0.0,-230308.0,-392005.0,392004.0
2019-10-01,235174.0,0.0,35928.0,0.0,66327.0,0.0,0.0,-153453.0,0.0,-183976.0,-337429.0,337429.0
2019-10-08,249632.0,0.0,36382.0,0.0,67287.0,0.0,0.0,-158500.0,0.0,-194802.0,-353302.0,353301.0
2019-10-15,219753.0,0.0,36711.0,0.0,63466.0,0.0,0.0,-151763.0,0.0,-168167.0,-319930.0,319930.0
2019-10-22,225930.0,0.0,37551.0,0.0,64603.0,0.0,0.0,-151613.0,0.0,-176470.0,-328083.0,328084.0
2019-10-29,233101.0,0.0,26462.0,0.0,69314.0,0.0,0.0,-136503.0,0.0,-192373.0,-328876.0,328877.0
2019-11-05,230484.0,0.0,39872.0,0.0,71198.0,0.0,0.0,-137022.0,0.0,-204531.0,-341553.0,341554.0
2019-11-12,200312.0,0.0,37433.0,0.0,66877.0,0.0,0.0,-117915.0,0.0,-186706.0,-304621.0,304622.0
2019-11-19,225688.0,0.0,36224.0,0.0,73499.0,0.0,0.0,-124752.0,0.0,-210659.0,-335411.0,335411.0
2019-11-26,205634.0,0.0,35210.0,0.0,64502.0,0.0,0.0,-116890.0,0.0,-188456.0,-305346.0,305346.0
2019-12-03,226855.0,0.0,34114.0,0.0,70233.0,0.0,0.0,-124740.0,0.0,-206463.0,-331203.0,331202.0
2019-12-10,197454.0,0.0,33488.0,0.0,71492.0,0.0,0.0,-118964.0,0.0,-183471.0,-302435.0,302434.0
2019-12-17,219268.0,0.0,34098.0,0.0,72258.0,0.0,0.0,-131953.0,0.0,-193671.0,-325624.0,325624.0
2019-12-24,242919.0,0.0,36970.0,0.0,79214.0,0.0,0.0,-136892.0,0.0,-222211.0,-359103.0,359103.0
2019-12-31,263170.0,0.0,40813.0,0.0,87918.0,0.0,0.0,-144970.0,0.0,-246931.0,-391901.0,391901.0
2020-01-07,272302.0,0.0,34034.0,0.0,85194.0,0.0,0.0,-138697.0,0.0,-252833.0,-391530.0,391530.0
2020-01-14,262335.0,0.0,30709.0,0.0,79754.0,0.0,0.0,-134731.0,0.0,-238067.0,-372798.0,372798.0
2020-01-21,259190.0,0.0,34579.0,0.0,83756.0,0.0,0.0,-134957.0,0.0,-242568.0,-377525.0,377525.0
2020-01-28,257634.0,0.0,31731.0,0.0,96734.0,0.0,0.0,-132820.0,0.0,-253279.0,-386099.0,386099.0
2020-02-04,211493.0,0.0,33381.0,0.0,99913.0,0.0,0.0,-131758.0,0.0,-213030.0,-344788.0,344787.0
2020-02-11,229369.0,0.0,30907.0,0.0,97998.0,0.0,0.0,-134616.0,0.0,-223658.0,-358274.0,358274.0
2020-02-18,284206.0,0.0,32861.0,0.0,104597.0,0.0,0.0,-149813.0,0.0,-271851.0,-421664.0,421664.0
2020-02-25,284972.0,0.0,40340.0,0.0,101419.0,0.0,0.0,-147015.0,0.0,-279717.0,-426732.0,426731.0
2020-03-03,268676.0,0.0,32345.0,0.0,99640.0,0.0,0.0,-143411.0,0.0,-257252.0,-400663.0,400661.0
2020-03-10,258458.0,0.0,29683.0,0.0,85124.0,0.0,0.0,-122397.0,0.0,-250868.0,-373265.0,373265.0
2020-03-17,177470.0,0.0,22608.0,0.0,98843.0,0.0,0.0,-115013.0,0.0,-183907.0,-298920.0,298921.0
2020-03-24,199688.0,0.0,23895.0,0.0,113074.0,0.0,0.0,-118227.0,0.0,-218429.0,-336656.0,336657.0
2020-03-31,178056.0,0.0,26708.0,0.0,90356.0,0.0,0.0,-100227.0,0.0,-194892.0,-295119.0,295120.0
2020-04-07,188925.0,0.0,28179.0,0.0,86737.0,0.0,0.0,-100450.0,0.0,-203392.0,-303842.0,303841.0
2020-04-14,198565.0,0.0,26558.0,0.0,91498.0,0.0,0.0,-98398.0,0.0,-218223.0,-316621.0,316621.0
2020-04-21,179588.0,0.0,31917.0,0.0,97169.0,0.0,0.0,-98191.0,0.0,-210483.0,-308674.0,308674.0
2020-04-28,184067.0,0.0,32205.0,0.0,101999.0,0.0,0.0,-100995.0,0.0,-217276.0,-318271.0,318271.0
2020-05-05,171816.0,0.0,33206.0,0.0,103755.0,0.0,0.0,-96362.0,0.0,-212416.0,-308778.0,308777.0
2020-05-12,160973.0,0.0,37355.0,0.0,107941.0,0.0,0.0,-92673.0,0.0,-213596.0,-306269.0,306269.0
2020-05-19,173277.0,0.0,39265.0,0.0,110264.0,0.0,0.0,-96455.0,0.0,-226351.0,-322806.0,322806.0
2020-05-26,148915.0,0.0,37610.0,0.0,104729.0,0.0,0.0,-81696.0,0.0,-209557.0,-291253.0,291254.0
2020-06-02,136568.0,0.0,38889.0,0.0,100728.0,0.0,0.0,-75902.0,0.0,-200283.0,-276185.0,276185.0
2020-06-09,127305.0,0.0,36198.0,0.0,98048.0,0.0,0.0,-75918.0,0.0,-185633.0,-261551.0,261551.0
2020-06-16,143070.0,0.0,35302.0,0.0,99427.0,0.0,0.0,-81310.0,0.0,-196489.0,-277799.0,277799.0
2020-06-23,175664.0,0.0,36585.0,0.0,99863.0,0.0,0.0,-89611.0,0.0,-222500.0,-312111.0,312112.0
2020-06-30,180001.0,0.0,36542.0,0.0,110371.0,0.0,0.0,-92374.0,0.0,-234539.0,-326913.0,326914.0
2020-07-07,181528.0,0.0,36896.0,0.0,111718.0,0.0,0.0,-89432.0,0.0,-240710.0,-330142.0,330142.0
2020-07-14,177327.0,0.0,41196.0,0.0,111602.0,0.0,0.0,-93297.0,0.0,-236829.0,-330126.0,330125.0
2020-07-21,184127.0,0.0,39103.0,0.0,114589.0,0.0,0.0,-99140.0,0.0,-238679.0,-337819.0,337819.0
2020-07-28,174510.0,0.0,42851.0,0.0,103092.0,0.0,0.0,-92156.0,0.0,-228296.0,-320452.0,320453.0
2020-08-04,173473.0,0.0,38403.0,0.0,111209.0,0.0,0.0,-101793.0,0.0,-221292.0,-323085.0,323085.0
2020-08-11,150129.0,0.0,46681.0,0.0,109590.0,0.0,0.0,-95952.0,0.0,-210448.0,-306400.0,306400.0
2020-08-18,155274.0,0.0,45804.0,0.0,109795.0,0.0,0.0,-96905.0,0.0,-213967.0,-310872.0,310873.0
2020-08-25,138339.0,0.0,48251.0,0.0,111758.0,0.0,0.0,-95100.0,0.0,-203248.0,-298348.0,298348.0
2020-09-01,151021.0,0.0,48845.0,0.0,109698.0,0.0,0.0,-98995.0,0.0,-210569.0,-309564.0,309564.0
2020-09-08,154629.0,0.0,46500.0,0.0,109560.0,0.0,0.0,-100874.0,0.0,-209815.0,-310689.0,310689.0
2020-09-15,165251.0,0.0,46648.0,0.0,108128.0,0.0,0.0,-102396.0,0.0,-217630.0,-320026.0,320027.0
2020-09-22,131089.0,0.0,49677.0,0.0,110755.0,0.0,0.0,-90312.0,0.0,-201208.0,-291520.0,291521.0
2020-09-29,128953.0,0.0,44556.0,0.0,115224.0,0.0,0.0,-88845.0,0.0,-199888.0,-288733.0,288733.0
2020-10-06,131009.0,0.0,41884.0,0.0,119381.0,0.0,0.0,-89285.0,0.0,-202990.0,-292275.0,292274.0
2020-10-13,119823.0,0.0,46165.0,0.0,118407.0,0.0,0.0,-91809.0,0.0,-192586.0,-284395.0,284395.0
2020-10-20,135311.0,0.0,46076.0,0.0,115545.0,0.0,0.0,-93430.0,0.0,-203502.0,-296932.0,296932.0
2020-10-27,131609.0,0.0,49474.0,0.0,114748.0,0.0,0.0,-93309.0,0.0,-202522.0,-295831.0,295831.0
2020-11-03,121951.0,0.0,47812.0,0.0,118148.0,0.0,0.0,-92184.0,0.0,-195726.0,-287910.0,287911.0
2020-11-10,110957.0,0.0,45404.0,0.0,119234.0,0.0,0.0,-90564.0,0.0,-185031.0,-275595.0,275595.0
2020-11-17,122461.0,0.0,44758.0,0.0,118337.0,0.0,0.0,-94311.0,0.0,-191244.0,-285555.0,285556.0
2020-11-24,104679.0,0.0,43282.0,0.0,116532.0,0.0,0.0,-90028.0,0.0,-174464.0,-264492.0,264493.0
2020-12-01,107653.0,0.0,34832.0,0.0,132833.0,0.0,0.0,-95982.0,0.0,-179336.0,-275318.0,275318.0
2020-12-08,126737.0,0.0,32413.0,0.0,127540.0,0.0,0.0,-98123.0,0.0,-188566.0,-286689.0,286690.0
2020-12-15,127828.0,0.0,36079.0,0.0,126462.0,0.0,0.0,-99264.0,0.0,-191105.0,-290369.0,290369.0
2020-12-22,137197.0,0.0,38477.0,0.0,125124.0,0.0,0.0,-102364.0,0.0,-198434.0,-300798.0,300798.0
2020-12-29,136861.0,0.0,39881.0,0.0,127473.0,0.0,0.0,-103215.0,0.0,-201001.0,-304216.0,304215.0
2021-01-05,152129.0,0.0,42638.0,0.0,128542.0,0.0,0.0,-105277.0,0.0,-218033.0,-323310.0,323309.0
2021-01-12,105270.0,0.0,45562.0,0.0,133786.0,0.0,0.0,-96556.0,0.0,-188062.0,-284618.0,284618.0
2021-01-19,104996.0,0.0,42529.0,0.0,135375.0,0.0,0.0,-98923.0,0.0,-183977.0,-282900.0,282900.0
2021-01-26,115716.0,0.0,42660.0,0.0,135602.0,0.0,0.0,-101238.0,0.0,-192742.0,-293980.0,293978.0
2021-02-02,105841.0,0.0,42739.0,0.0,140998.0,0.0,0.0,-101283.0,0.0,-188295.0,-289578.0,289578.0
2021-02-09,105851.0,0.0,42483.0,0.0,135259.0,0.0,0.0,-99721.0,0.0,-183872.0,-283593.0,283593.0
2021-02-16,83581.0,0.0,42413.0,0.0,136388.0,0.0,0.0,-95054.0,0.0,-167329.0,-262383.0,262382.0
2021-02-23,83395.0,0.0,37251.0,0.0,133450.0,0.0,0.0,-92991.0,0.0,-161106.0,-254097.0,254096.0
2021-03-02,57856.0,0.0,34512.0,0.0,124069.0,0.0,0.0,-83802.0,0.0,-132634.0,-216436.0,216437.0
2021-03-09,41896.0,0.0,34166.0,0.0,125268.0,0.0,0.0,-78392.0,0.0,-122937.0,-201329.0,201330.0
2021-03-16,54741.0,0.0,30603.0,0.0,120309.0,0.0,0.0,-77130.0,0.0,-128524.0,-205654.0,205653.0
2021-03-23,56010.0,0.0,29652.0,0.0,112230.0,0.0,0.0,-75731.0,0.0,-122162.0,-197893.0,197892.0
2021-03-30,50463.0,0.0,28173.0,0.0,107099.0,0.0,0.0,-71040.0,0.0,-114694.0,-185734.0,185735.0
2021-04-06,77406.0,0.0,26687.0,0.0,110318.0,0.0,0.0,-78378.0,0.0,-136032.0,-214410.0,214411.0
2021-04-13,64766.0,0.0,29662.0,0.0,115069.0,0.0,0.0,-75218.0,0.0,-134280.0,-209498.0,209497.0
2021-04-20,69300.0,0.0,33808.0,0.0,114868.0,0.0,0.0,-77853.0,0.0,-140124.0,-217977.0,217976.0
2021-04-27,63154.0,0.0,38395.0,0.0,110332.0,0.0,0.0,-75417.0,0.0,-136465.0,-211882.0,211881.0
2021-05-04,66133.0,0.0,33643.0,0.0,108541.0,0.0,0.0,-71177.0,0.0,-137141.0,-208318.0,208317.0
2021-05-11,95585.0,0.0,37643.0,0.0,108347.0,0.0,0.0,-79090.0,0.0,-162484.0,-241574.0,241575.0
2021-05-18,106896.0,0.0,37868.0,0.0,107506.0,0.0,0.0,-76498.0,0.0,-175773.0,-252271.0,252270.0
2021-05-25,126903.0,0.0,38409.0,0.0,106052.0,0.0,0.0,-84237.0,0.0,-187127.0,-271364.0,271364.0
2021-06-01,129846.0,0.0,36472.0,0.0,105197.0,0.0,0.0,-76139.0,0.0,-195376.0,-271515.0,271515.0
2021-06-08,127064.0,0.0,37387.0,0.0,105036.0,0.0,0.0,-72497.0,0.0,-196990.0,-269487.0,269487.0
2021-06-15,114451.0,0.0,41579.0,0.0,96320.0,0.0,0.0,-70389.0,0.0,-181961.0,-252350.0,252350.0
2021-06-22,76163.0,0.0,39168.0,0.0,95004.0,0.0,0.0,-58906.0,0.0,-151429.0,-210335.0,210335.0
2021-06-29,72516.0,0.0,35503.0,0.0,95171.0,0.0,0.0,-56518.0,0.0,-146671.0,-203189.0,203190.0
2021-07-06,93004.0,0.0,34464.0,0.0,99048.0,0.0,0.0,-63300.0,0.0,-163215.0,-226515.0,226516.0
2021-07-13,102989.0,0.0,32887.0,0.0,98665.0,0.0,0.0,-63407.0,0.0,-171135.0,-234542.0,234541.0
2021-07-20,108815.0,0.0,34905.0,0.0,100413.0,0.0,0.0,-65840.0,0.0,-178293.0,-244133.0,244133.0
2021-07-27,105811.0,0.0,31486.0,0.0,99889.0,0.0,0.0,-57657.0,0.0,-179529.0,-237186.0,237186.0
2021-08-03,106662.0,0.0,37655.0,0.0,97664.0,0.0,0.0,-58551.0,0.0,-183428.0,-241979.0,241981.0
2021-08-10,51013.0,0.0,29536.0,0.0,118642.0,0.0,0.0,-48471.0,0.0,-150719.0,-199190.0,199191.0
2021-08-17,77649.0,0.0,23920.0,0.0,121731.0,0.0,0.0,-53976.0,0.0,-169323.0,-223299.0,223300.0
2021-08-24,94592.0,0.0,24662.0,0.0,125914.0,0.0,0.0,-56899.0,0.0,-188268.0,-245167.0,245168.0
2021-08-31,98865.0,0.0,25012.0,0.0,130111.0,0.0,0.0,-57304.0,0.0,-196682.0,-253986.0,253988.0
2021-09-07,83540.0,0.0,31238.0,0.0,132753.0,0.0,0.0,-56620.0,0.0,-190911.0,-247531.0,247531.0
2021-09-14,87395.0,0.0,27062.0,0.0,131508.0,0.0,0.0,-58122.0,0.0,-187844.0,-245966.0,245965.0
2021-09-21,61594.0,0.0,25806.0,0.0,133391.0,0.0,0.0,-50073.0,0.0,-170717.0,-220790.0,220791.0
2021-09-28,42123.0,0.0,23120.0,0.0,130592.0,0.0,0.0,-45431.0,0.0,-150404.0,-195835.0,195835.0
2021-10-05,67841.0,0.0,22297.0,0.0,121983.0,0.0,0.0,-48275.0,0.0,-163847.0,-212122.0,212121.0
2021-10-12,69817.0,0.0,22779.0,0.0,121506.0,0.0,0.0,-52299.0,0.0,-161802.0,-214101.0,214102.0
2021-10-19,69281.0,0.0,26749.0,0.0,130165.0,0.0,0.0,-55984.0,0.0,-170210.0,-226194.0,226195.0
2021-10-26,101251.0,0.0,26001.0,0.0,124192.0,0.0,0.0,-59247.0,0.0,-192197.0,-251444.0,251444.0
2021-11-02,98888.0,0.0,25708.0,0.0,126709.0,0.0,0.0,-60763.0,0.0,-190541.0,-251304.0,251305.0
2021-11-09,146319.0,0.0,25210.0,0.0,122121.0,0.0,0.0,-69815.0,0.0,-223834.0,-293649.0,293650.0
2021-11-16,164043.0,0.0,28022.0,0.0,119373.0,0.0,0.0,-79653.0,0.0,-231785.0,-311438.0,311438.0
2021-11-23,118729.0,0.0,34443.0,0.0,127614.0,0.0,0.0,-74360.0,0.0,-206427.0,-280787.0,280786.0
2021-11-30,104992.0,0.0,33581.0,0.0,129887.0,0.0,0.0,-59305.0,0.0,-209156.0,-268461.0,268460.0
2021-12-07,93422.0,0.0,28925.0,0.0,132921.0,0.0,0.0,-59862.0,0.0,-195407.0,-255269.0,255268.0
2021-12-14,75490.0,0.0,29562.0,0.0,135813.0,0.0,0.0,-57019.0,0.0,-183846.0,-240865.0,240865.0
2021-12-21,84591.0,0.0,30630.0,0.0,131911.0,0.0,0.0,-62199.0,0.0,-184932.0,-247131.0,247132.0
2021-12-28,98835.0,0.0,32616.0,0.0,129072.0,0.0,0.0,-65954.0,0.0,-194568.0,-260522.0,260523.0
2022-01-04,94942.0,0.0,26262.0,0.0,132258.0,0.0,0.0,-62055.0,0.0,-191408.0,-253463.0,253462.0
2022-01-11,87859.0,0.0,25644.0,0.0,127711.0,0.0,0.0,-59677.0,0.0,-181536.0,-241213.0,241214.0
2022-01-18,84539.0,0.0,27165.0,0.0,126401.0,0.0,0.0,-59947.0,0.0,-178158.0,-238105.0,238105.0
2022-01-25,117708.0,0.0,29549.0,0.0,128074.0,0.0,0.0,-77283.0,0.0,-198048.0,-275331.0,275331.0
2022-02-01,62548.0,0.0,29396.0,0.0,127213.0,0.0,0.0,-60395.0,0.0,-158763.0,-219158.0,219157.0
2022-02-08,84889.0,0.0,24688.0,0.0,125986.0,0.0,0.0,-64556.0,0.0,-171006.0,-235562.0,235563.0
2022-02-15,125646.0,0.0,24920.0,0.0,117116.0,0.0,0.0,-76451.0,0.0,-191229.0,-267680.0,267682.0
2022-02-22,160982.0,0.0,25667.0,0.0,120591.0,0.0,0.0,-85230.0,0.0,-222011.0,-307241.0,307240.0
2022-03-01,168103.0,0.0,27213.0,0.0,122602.0,0.0,0.0,-82304.0,0.0,-235616.0,-317920.0,317918.0
2022-03-08,175694.0,0.0,31558.0,0.0,145529.0,0.0,0.0,-87487.0,0.0,-265295.0,-352782.0,352781.0
2022-03-15,147501.0,0.0,35773.0,0.0,149171.0,0.0,0.0,-75320.0,0.0,-257125.0,-332445.0,332445.0
2022-03-22,133992.0,0.0,33488.0,0.0,147210.0,0.0,0.0,-70845.0,0.0,-243846.0,-314691.0,314690.0
2022-03-29,130126.0,0.0,28040.0,0.0,147829.0,0.0,0.0,-55519.0,0.0,-250475.0,-305994.0,305995.0
2022-04-05,122671.0,0.0,32885.0,0.0,143061.0,0.0,0.0,-57002.0,0.0,-241616.0,-298618.0,298617.0
2022-04-12,144664.0,0.0,32310.0,0.0,139681.0,0.0,0.0,-59877.0,0.0,-256777.0,-316654.0,316655.0
2022-04-19,124967.0,0.0,35623.0,0.0,141581.0,0.0,0.0,-57934.0,0.0,-244237.0,-302171.0,302171.0
2022-04-26,99443.0,0.0,31513.0,0.0,136870.0,0.0,0.0,-49579.0,0.0,-218246.0,-267825.0,267826.0
2022-05-03,82936.0,0.0,33126.0,0.0,128340.0,0.0,0.0,-44960.0,0.0,-199443.0,-244403.0,244402.0
2022-05-10,73891.0,0.0,35230.0,0.0,124524.0,0.0,0.0,-47140.0,0.0,-186506.0,-233646.0,233645.0
2022-05-17,54569.0,0.0,32460.0,0.0,123796.0,0.0,0.0,-42694.0,0.0,-168132.0,-210826.0,210825.0
2022-05-24,77493.0,0.0,28915.0,0.0,118429.0,0.0,0.0,-48846.0,0.0,-175990.0,-224836.0,224837.0
2022-05-31,62668.0,0.0,28219.0,0.0,118514.0,0.0,0.0,-49233.0,0.0,-160169.0,-209402.0,209401.0
2022-06-07,69768.0,0.0,25360.0,0.0,114192.0,0.0,0.0,-48028.0,0.0,-161292.0,-209320.0,209320.0
2022-06-14,49561.0,0.0,25478.0,0.0,114060.0,0.0,0.0,-45595.0,0.0,-143504.0,-189099.0,189099.0
2022-06-21,61816.0,0.0,24569.0,0.0,112809.0,0.0,0.0,-47123.0,0.0,-152071.0,-199194.0,199194.0
2022-06-28,46637.0,0.0,24835.0,0.0,118454.0,0.0,0.0,-45591.0,0.0,-144335.0,-189926.0,189926.0
2022-07-05,26806.0,0.0,20626.0,0.0,119610.0,0.0,0.0,-40305.0,0.0,-126737.0,-167042.0,167042.0
2022-07-12,2748.0,0.0,19738.0,0.0,114103.0,0.0,0.0,-29075.0,0.0,-107512.0,-136587.0,136589.0
2022-07-19,0.0,-9721.0,18047.0,0.0,102222.0,0.0,0.0,-26047.0,0.0,-84501.0,-120269.0,120269.0
2022-07-26,0.0,-10474.0,16237.0,0.0,101899.0,0.0,0.0,-25632.0,0.0,-82029.0,-118135.0,118136.0
2022-08-02,27899.0,0.0,11778.0,0.0,100388.0,0.0,0.0,-31340.0,0.0,-108725.0,-140065.0,140065.0
2022-08-09,52797.0,0.0,12043.0,0.0,95837.0,0.0,0.0,-37928.0,0.0,-122749.0,-160677.0,160677.0
2022-08-16,46236.0,0.0,13302.0,0.0,97800.0,0.0,0.0,-36778.0,0.0,-120559.0,-157337.0,157338.0
2022-08-23,30326.0,0.0,12550.0,0.0,97278.0,0.0,0.0,-34138.0,0.0,-106016.0,-140154.0,140154.0
2022-08-30,20726.0,0.0,12678.0,0.0,97325.0,0.0,0.0,-31763.0,0.0,-98966.0,-130729.0,130729.0
2022-09-06,1217.0,0.0,11405.0,0.0,100354.0,0.0,0.0,-26434.0,0.0,-86542.0,-112976.0,112976.0
2022-09-13,0.0,-10132.0,14997.0,0.0,104681.0,0.0,0.0,-27596.0,0.0,-81949.0,-119677.0,119678.0
2022-09-20,0.0,-32966.0,11388.0,0.0,93753.0,0.0,0.0,-17986.0,0.0,-54188.0,-105140.0,105141.0
2022-09-27,0.0,-41300.0,11026.0,0.0,87273.0,0.0,0.0,-12862.0,0.0,-44136.0,-98298.0,98299.0
2022-10-04,4941.0,0.0,7937.0,0.0,85479.0,0.0,0.0,-22814.0,0.0,-75544.0,-98358.0,98357.0
2022-10-11,1290.0,0.0,9989.0,0.0,90080.0,0.0,0.0,-23903.0,0.0,-77456.0,-101359.0,101359.0
2022-10-18,0.0,-20633.0,14008.0,0.0,89978.0,0.0,0.0,-14791.0,0.0,-68562.0,-103986.0,103986.0
2022-10-25,0.0,-33134.0,13138.0,0.0,92476.0,0.0,0.0,-8913.0,0.0,-63568.0,-105615.0,105614.0
2022-11-01,0.0,-38878.0,11013.0,0.0,96508.0,0.0,0.0,-8264.0,0.0,-60380.0,-107522.0,107521.0
2022-11-08,0.0,-8219.0,9070.0,0.0,93161.0,0.0,0.0,-20550.0,0.0,-73464.0,-102233.0,102231.0
2022-11-15,40726.0,0.0,8102.0,0.0,98303.0,0.0,0.0,-42580.0,0.0,-104551.0,-147131.0,147131.0
2022-11-22,31919.0,0.0,14410.0,0.0,92559.0,0.0,0.0,-43615.0,0.0,-95273.0,-138888.0,138888.0
2022-11-29,28009.0,0.0,9531.0,0.0,91435.0,0.0,0.0,-40082.0,0.0,-88892.0,-128974.0,128975.0
2022-12-06,37618.0,0.0,15405.0,0.0,87172.0,0.0,0.0,-42053.0,0.0,-98142.0,-140195.0,140195.0
2022-12-13,56554.0,0.0,12709.0,0.0,83860.0,0.0,0.0,-41496.0,0.0,-111626.0,-153122.0,153123.0
2022-12-20,58452.0,0.0,13425.0,0.0,84005.0,0.0,0.0,-40502.0,0.0,-115381.0,-155883.0,155882.0
2022-12-27,67332.0,0.0,16722.0,0.0,85807.0,0.0,0.0,-44254.0,0.0,-125608.0,-169862.0,169861.0
2023-01-03,72805.0,0.0,18083.0,0.0,87230.0,0.0,0.0,-45887.0,0.0,-132231.0,-178118.0,178118.0
2023-01-10,82574.0,0.0,21439.0,0.0,90033.0,0.0,0.0,-51528.0,0.0,-142517.0,-194045.0,194046.0
2023-01-17,93357.0,0.0,22152.0,0.0,83436.0,0.0,0.0,-46899.0,0.0,-152046.0,-198945.0,198945.0
2023-01-24,106631.0,0.0,22155.0,0.0,77231.0,0.0,0.0,-44060.0,0.0,-161956.0,-206016.0,206017.0
2023-01-31,111540.0,0.0,20238.0,0.0,77994.0,0.0,0.0,-42748.0,0.0,-167024.0,-209772.0,209772.0
2023-02-07,78839.0,0.0,24662.0,0.0,69195.0,0.0,0.0,-35822.0,0.0,-136873.0,-172695.0,172696.0
2023-02-14,57353.0,0.0,24289.0,0.0,67873.0,0.0,0.0,-34192.0,0.0,-115323.0,-149515.0,149515.0
2023-02-21,52457.0,0.0,23218.0,0.0,69343.0,0.0,0.0,-33423.0,0.0,-111594.0,-145017.0,145018.0
2023-02-28,39908.0,0.0,19431.0,0.0,73135.0,0.0,0.0,-32940.0,0.0,-99534.0,-132474.0,132474.0
2023-03-07,24106.0,0.0,21776.0,0.0,74025.0,0.0,0.0,-32290.0,0.0,-87617.0,-119907.0,119907.0
2023-03-14,85362.0,0.0,14129.0,0.0,69193.0,0.0,0.0,-43291.0,0.0,-125393.0,-168684.0,168684.0
2023-03-21,106955.0,0.0,24481.0,0.0,67429.0,0.0,0.0,-49711.0,0.0,-149153.0,-198864.0,198865.0
2023-03-28,130314.0,0.0,19260.0,0.0,69719.0,0.0,0.0,-52987.0,0.0,-166306.0,-219293.0,219293.0
2023-04-04,144986.0,0.0,21991.0,0.0,75057.0,0.0,0.0,-47249.0,0.0,-194785.0,-242034.0,242034.0
2023-04-11,137563.0,0.0,23601.0,0.0,78844.0,0.0,0.0,-46777.0,0.0,-193233.0,-240010.0,240008.0
2023-04-18,134253.0,0.0,26583.0,0.0,80899.0,0.0,0.0,-46061.0,0.0,-195674.0,-241735.0,241735.0
2023-04-25,133174.0,0.0,26983.0,0.0,76650.0,0.0,0.0,-44624.0,0.0,-192183.0,-236807.0,236807.0
2023-05-02,147816.0,0.0,21885.0,0.0,77347.0,0.0,0.0,-46782.0,0.0,-200267.0,-247049.0,247048.0
2023-05-09,146626.0,0.0,26443.0,0.0,78911.0,0.0,0.0,-48435.0,0.0,-203545.0,-251980.0,251980.0
2023-05-16,131789.0,0.0,32291.0,0.0,73477.0,0.0,0.0,-45178.0,0.0,-192379.0,-237557.0,237557.0
2023-05-23,117390.0,0.0,26528.0,0.0,65314.0,0.0,0.0,-36321.0,0.0,-172911.0,-209232.0,209232.0
2023-05-30,107853.0,0.0,20966.0,0.0,64866.0,0.0,0.0,-33117.0,0.0,-160568.0,-193685.0,193685.0
2023-06-06,114165.0,0.0,22211.0,0.0,64639.0,0.0,0.0,-31286.0,0.0,-169729.0,-201015.0,201015.0
2023-06-13,93304.0,0.0,26359.0,0.0,67609.0,0.0,0.0,-28136.0,0.0,-159137.0,-187273.0,187272.0
2023-06-20,94626.0,0.0,24082.0,0.0,68504.0,0.0,0.0,-28152.0,0.0,-159061.0,-187213.0,187212.0
2023-06-27,86472.0,0.0,23998.0,0.0,67125.0,0.0,0.0,-26214.0,0.0,-151382.0,-177596.0,177595.0
2023-07-04,99205.0,0.0,21836.0,0.0,65991.0,0.0,0.0,-27459.0,0.0,-159573.0,-187032.0,187032.0
2023-07-11,100619.0,0.0,22249.0,0.0,68002.0,0.0,0.0,-29369.0,0.0,-161502.0,-190871.0,190870.0
2023-07-18,135907.0,0.0,19991.0,0.0,64405.0,0.0,0.0,-40582.0,0.0,-179720.0,-220302.0,220303.0
2023-07-25,116291.0,0.0,24308.0,0.0,63542.0,0.0,0.0,-40830.0,0.0,-163311.0,-204141.0,204141.0
2023-08-01,99337.0,0.0,22795.0,0.0,69956.0,0.0,0.0,-31918.0,0.0,-160169.0,-192087.0,192088.0
2023-08-08,75582.0,0.0,25607.0,0.0,69140.0,0.0,0.0,-27237.0,0.0,-143091.0,-170328.0,170329.0
2023-08-15,46540.0,0.0,22075.0,0.0,73262.0,0.0,0.0,-21030.0,0.0,-120847.0,-141877.0,141877.0
2023-08-22,25695.0,0.0,20518.0,0.0,73055.0,0.0,0.0,-16465.0,0.0,-102801.0,-119266.0,119268.0
2023-08-29,58134.0,0.0,17737.0,0.0,68794.0,0.0,0.0,-20302.0,0.0,-124362.0,-144664.0,144665.0
2023-09-05,66340.0,0.0,20936.0,0.0,73558.0,0.0,0.0,-23929.0,0.0,-136905.0,-160834.0,160834.0
2023-09-12,49796.0,0.0,21796.0,0.0,73133.0,0.0,0.0,-21135.0,0.0,-123591.0,-144726.0,144725.0
2023-09-19,66639.0,0.0,18720.0,0.0,70113.0,0.0,0.0,-24164.0,0.0,-131308.0,-155472.0,155472.0
2023-09-26,35644.0,0.0,20350.0,0.0,76882.0,0.0,0.0,-24282.0,0.0,-108593.0,-132875.0,132876.0
2023-10-03,0.0,-3004.0,23757.0,0.0,78272.0,0.0,0.0,-19546.0,0.0,-79478.0,-102028.0,102029.0
2023-10-10,0.0,-14788.0,21051.0,0.0,75263.0,0.0,0.0,-16700.0,0.0,-64826.0,-96314.0,96314.0
2023-10-17,41867.0,0.0,15944.0,0.0,68218.0,0.0,0.0,-28675.0,0.0,-97353.0,-126028.0,126029.0
2023-10-24,90682.0,0.0,16533.0,0.0,62539.0,0.0,0.0,-40224.0,0.0,-129529.0,-169753.0,169754.0
2023-10-31,106343.0,0.0,19130.0,0.0,65080.0,0.0,0.0,-44051.0,0.0,-146503.0,-190554.0,190553.0
2023-11-07,105236.0,0.0,20294.0,0.0,67328.0,0.0,0.0,-43758.0,0.0,-149101.0,-192859.0,192858.0
2023-11-14,92660.0,0.0,21482.0,0.0,68890.0,0.0,0.0,-42420.0,0.0,-140613.0,-183033.0,183032.0
2023-11-21,114894.0,0.0,17937.0,0.0,68459.0,0.0,0.0,-45358.0,0.0,-155933.0,-201291.0,201290.0
2023-11-28,144410.0,0.0,18352.0,0.0,67156.0,0.0,0.0,-48003.0,0.0,-181916.0,-229919.0,229918.0
2023-12-05,132515.0,0.0,24507.0,0.0,78207.0,0.0,0.0,-46949.0,0.0,-188280.0,-235229.0,235229.0
2023-12-12,111384.0,0.0,25927.0,0.0,77526.0,0.0,0.0,-41674.0,0.0,-173164.0,-214838.0,214837.0
2023-12-19,131749.0,0.0,26579.0,0.0,77146.0,0.0,0.0,-44834.0,0.0,-190641.0,-235475.0,235474.0
2023-12-26,135507.0,0.0,25210.0,0.0,82300.0,0.0,0.0,-44865.0,0.0,-198150.0,-243015.0,243017.0
2024-01-02,137516.0,0.0,28069.0,0.0,80573.0,0.0,0.0,-41590.0,0.0,-204569.0,-246159.0,246158.0
2024-01-09,106288.0,0.0,29987.0,0.0,84855.0,0.0,0.0,-43490.0,0.0,-177639.0,-221129.0,221130.0
2024-01-16,100634.0,0.0,28720.0,0.0,81614.0,0.0,0.0,-39483.0,0.0,-171485.0,-210968.0,210968.0
2024-01-23,76615.0,0.0,23285.0,0.0,95789.0,0.0,0.0,-37694.0,0.0,-157994.0,-195688.0,195689.0
2024-01-30,71976.0,0.0,22947.0,0.0,79472.0,0.0,0.0,-33685.0,0.0,-140710.0,-174395.0,174395.0
2024-02-06,82591.0,0.0,18727.0,0.0,81839.0,0.0,0.0,-35095.0,0.0,-148063.0,-183158.0,183157.0
2024-02-13,46400.0,0.0,23181.0,0.0,82852.0,0.0,0.0,-31287.0,0.0,-121146.0,-152433.0,152433.0
2024-02-20,64348.0,0.0,18521.0,0.0,78199.0,0.0,0.0,-37150.0,0.0,-123919.0,-161069.0,161068.0
2024-02-27,68042.0,0.0,16509.0,0.0,75845.0,0.0,0.0,-38232.0,0.0,-122165.0,-160397.0,160396.0
2024-03-05,131060.0,0.0,13374.0,0.0,77192.0,0.0,0.0,-51232.0,0.0,-170393.0,-221625.0,221626.0
2024-03-12,159560.0,0.0,14449.0,0.0,62980.0,0.0,0.0,-52042.0,0.0,-184947.0,-236989.0,236989.0
2024-03-19,157467.0,0.0,14433.0,0.0,60819.0,0.0,0.0,-51003.0,0.0,-181717.0,-232720.0,232719.0
2024-03-26,157720.0,0.0,18244.0,0.0,60645.0,0.0,0.0,-50111.0,0.0,-186498.0,-236609.0,236609.0
2024-04-02,178213.0,0.0,16440.0,0.0,58361.0,0.0,0.0,-48882.0,0.0,-204132.0,-253014.0,253014.0
2024-04-09,179142.0,0.0,20599.0,0.0,55363.0,0.0,0.0,-47656.0,0.0,-207448.0,-255104.0,255104.0
2024-04-16,172861.0,0.0,21059.0,0.0,58723.0,0.0,0.0,-41075.0,0.0,-211569.0,-252644.0,252643.0
2024-04-23,176157.0,0.0,23706.0,0.0,52742.0,0.0,0.0,-38119.0,0.0,-214487.0,-252606.0,252605.0
2024-04-30,167139.0,0.0,23315.0,0.0,63392.0,0.0,0.0,-36483.0,0.0,-217363.0,-253846.0,253846.0
2024-05-07,163132.0,0.0,27532.0,0.0,62988.0,0.0,0.0,-38065.0,0.0,-215587.0,-253652.0,253652.0
2024-05-14,172942.0,0.0,27654.0,0.0,59807.0,0.0,0.0,-36080.0,0.0,-224323.0,-260403.0,260403.0
2024-05-21,193972.0,0.0,29839.0,0.0,63396.0,0.0,0.0,-42494.0,0.0,-244713.0,-287207.0,287207.0
2024-05-28,179221.0,0.0,24714.0,0.0,67644.0,0.0,0.0,-40327.0,0.0,-231251.0,-271578.0,271579.0
2024-06-04,180761.0,0.0,29558.0,0.0,63247.0,0.0,0.0,-40304.0,0.0,-233260.0,-273564.0,273566.0
2024-06-11,177549.0,0.0,27828.0,0.0,58617.0,0.0,0.0,-40983.0,0.0,-223010.0,-263993.0,263994.0
