date,price,long,exit,exit_,return,rolling_var,rolling_sharpe,location,cum_return,days,annual_return,required_return,required_return_loc,required_to_breakeven,max_drawdown,cr_vs_md,case_why,should_close,should_close_day,fecha_compra
2024-01-08,2025.1,1.0,0.0,0.0,0.0,,,80.0,0.0,0,0.0,0.0,80.0,80.0,0.0,,holded,0,0.0,2024-01-08
2024-01-09,2034.9,1.0,0.0,0.0,0.004839267196681707,,,80.0,0.004839267196681707,1,2.3755358660625614,0.004862685703682645,80.0,40.0,0.0,inf,take profit,1,0.0,2024-01-08
2024-01-10,2026.8,0.0,-1.0,0.0,-0.003980539584254816,,,40.0,0.0008394647177916159,2,0.11151970560941393,0.0004199965848139531,80.0,60.0,-0.00398053958425501,0.21089219188074687,holded,1,0.0,2024-01-08
2024-01-09,2034.9,1.0,0.0,0.0,0.0,,,66.66666666666667,0.0,0,0.0,0.0,66.66666666666667,66.66666666666667,0.0,,holded,0,0.0,2024-01-09
2024-01-10,2026.8,0.0,0.0,0.0,-0.003980539584254816,,,33.333333333333336,-0.003980539584254816,1,-0.6339911335620895,-0.003964694888872966,33.333333333333336,66.66666666666667,-0.003980539584254785,-1.0000000000000078,holded,0,0.0,2024-01-09
2024-01-11,2029.15,0.0,0.0,0.0,0.00115946319321103,,,66.66666666666667,-0.002825691680180875,2,-0.2999063218199337,-0.001409850228427989,33.333333333333336,66.66666666666667,-0.003980539584254785,-0.7098765432098788,holded,0,0.0,2024-01-09
2024-01-12,2055.65,0.0,0.0,0.0,0.013059655520784474,,,100.0,0.010197061280652564,3,1.344835963947908,0.0034220749678217643,66.66666666666667,33.333333333333336,-0.003980539584254785,2.5617283950616967,take profit,1,0.0,2024-01-09
2024-01-16,2038.15,0.0,-1.0,0.0,-0.008513122370053305,,,33.333333333333336,0.0015971300801020938,7,0.059133177891363076,0.00022836957563554527,66.66666666666667,33.333333333333336,-0.008513122370053246,0.18760802566639298,holded,1,0.0,2024-01-09
2024-01-17,2011.75,1.0,0.0,0.0,0.0,,,63.63636363636364,0.0,0,0.0,0.0,63.63636363636364,63.63636363636364,0.0,,holded,0,0.0,2024-01-17
2024-01-18,2013.2,0.0,0.0,0.0,0.0007207655026717497,,,63.63636363636364,0.0007207655026717497,1,0.19909544983103422,0.0007212850055815512,63.63636363636364,54.54545454545455,0.0,inf,holded,0,0.0,2024-01-17
2024-01-19,2028.55,0.0,0.0,0.0,0.007624677130935842,,,81.81818181818183,0.008350938237852601,2,1.8515109766494207,0.004201584647286927,72.72727272727273,36.36363636363637,0.0,inf,take profit,1,0.0,2024-01-17
2024-01-22,2021.6,0.0,-1.0,0.0,-0.003426092529146496,,,45.45454545454546,0.004896234621597939,5,0.27911453268335995,0.0009821199500934519,63.63636363636364,36.36363636363637,-0.00342609252914652,1.4291016894449284,holded,1,0.0,2024-01-17
2024-01-23,2022.95,1.0,0.0,0.0,0.0,,,53.333333333333336,0.0,0,0.0,0.0,53.333333333333336,53.333333333333336,0.0,,holded,0,0.0,2024-01-23
2024-01-24,2024.65,0.0,0.0,0.0,0.0008403569045205561,,,66.66666666666667,0.0008403569045205561,1,0.2357536274108918,0.0008410631042474748,66.66666666666667,46.66666666666667,0.0,inf,holded,0,0.0,2024-01-23
2024-01-25,2023.75,0.0,0.0,0.0,-0.00044452127528216145,,,46.66666666666667,0.0003954620727155689,2,0.051080172579224925,0.0001977896788369904,53.333333333333336,46.66666666666667,-0.00044452127528209765,0.8896358728040737,holded,0,0.0,2024-01-23
2024-01-26,2018.45,0.0,0.0,0.0,-0.00261890055589864,,,40.0,-0.002224474159025158,3,-0.1706093181659375,-0.0007403912233132637,46.66666666666667,73.33333333333334,-0.0030622576741658612,-0.7264163880758631,holded,0,0.0,2024-01-23
2024-01-29,2022.5,0.0,0.0,0.0,0.002006490128563909,,,73.33333333333334,-0.00022244741590260464,6,-0.009300312822188794,-3.7069758186847324e-05,46.66666666666667,53.333333333333336,-0.0030622576741658612,-0.07264163880761532,holded,0,0.0,2024-01-23
2024-01-30,2043.05,0.0,0.0,0.0,0.010160692212608069,,,93.33333333333334,0.009935984576979084,7,0.42750776276983404,0.001427462679389535,73.33333333333334,20.0,-0.0030622576741658612,3.2446598667388695,holded,0,0.0,2024-01-23
2024-01-31,2053.25,0.0,0.0,0.0,0.004992535669709586,,,80.0,0.014978126004102865,8,0.5972963809629896,0.0018879715243840245,73.33333333333334,6.666666666666667,-0.0030622576741658612,4.891203679710855,take profit,1,0.0,2024-01-23
2024-02-01,2045.85,0.0,-1.0,0.0,-0.003604042371849525,,,33.333333333333336,0.011320101831483687,9,0.3705090641949771,0.0012656728687732155,73.33333333333334,20.0,-0.0036040423718494913,3.1409458223640514,holded,1,0.0,2024-01-23
2024-02-14,1985.1,1.0,0.0,0.0,0.0,,,58.064516129032256,0.0,0,0.0,0.0,58.064516129032256,58.064516129032256,0.0,,holded,0,0.0,2024-02-14
2024-02-15,2004.05,1.0,0.0,0.0,0.009546118583446672,,,93.54838709677419,0.009546118583446672,1,9.959561388375908,0.009637246963455803,93.54838709677419,9.677419354838708,0.0,inf,take profit,1,0.0,2024-02-14
2024-02-16,1997.9,0.0,-1.0,0.0,-0.0030687857089393145,,,41.93548387096774,0.006448037882222701,2,1.2475587241857689,0.003239593672988761,74.19354838709677,19.354838709677416,-0.003068785708939145,2.1011691573771496,holded,1,0.0,2024-02-14
2024-02-15,2004.05,1.0,0.0,0.0,0.0,,,56.25,0.0,0,0.0,0.0,56.25,56.25,0.0,,holded,0,0.0,2024-02-15
2024-02-16,1997.9,0.0,0.0,0.0,-0.0030687857089393145,,,40.625,-0.0030687857089393145,1,-0.5390764247170241,-0.003059368263211959,40.625,71.875,-0.003068785708939288,-1.0000000000000087,holded,0,0.0,2024-02-15
2024-02-20,2029.1,1.0,0.0,0.0,0.015616397217077749,,,100.0,0.01249968813153357,5,0.8702637875998309,0.002518624544477044,71.875,6.25,-0.003068785708939288,4.073170731707439,take profit,1,0.0,2024-02-15
2024-02-21,2026.75,1.0,-1.0,0.0,-0.001158148933024461,,,50.0,0.011327062698036405,6,0.6049016199618622,0.0019002785772195274,68.75,9.375,-0.003068785708939288,3.6910569105692144,holded,1,0.0,2024-02-15
2024-02-20,2029.1,1.0,0.0,0.0,0.0,,,55.88235294117648,0.0,0,0.0,0.0,55.88235294117648,55.88235294117648,0.0,,holded,0,0.0,2024-02-20
2024-02-21,2026.75,1.0,0.0,0.0,-0.001158148933024461,,,50.0,-0.001158148933024461,1,-0.25324839057736137,-0.0011568076240734415,50.0,64.70588235294119,-0.001158148933024421,-1.0000000000000344,holded,0,0.0,2024-02-20
2024-02-22,2024.0,0.0,0.0,0.0,-0.0013568521031207537,,,47.05882352941177,-0.002513429599329764,2,-0.2717353665441744,-0.0012543448082118491,47.05882352941177,70.58823529411765,-0.002513429599329697,-1.0000000000000266,holded,0,0.0,2024-02-20
2024-02-23,2027.45,0.0,0.0,0.0,0.0017045454545454586,,,67.64705882352942,-0.0008131683997831818,3,-0.06605145459736617,-0.0002709091638440908,52.94117647058824,61.76470588235294,-0.002513429599329697,-0.32352941176472355,holded,0,0.0,2024-02-20
2024-02-26,2027.2,0.0,0.0,0.0,-0.0001233076031468272,,,52.94117647058824,-0.0009363757330836942,6,-0.038582196206255914,-0.00015597735560146653,52.94117647058824,64.70588235294119,-0.002513429599329697,-0.37254901960787556,holded,0,0.0,2024-02-20
2024-02-27,2035.05,0.0,0.0,0.0,0.003872336227308537,,,70.58823529411765,0.0029323345325511507,7,0.1111656178621423,0.0004196062713130999,55.88235294117648,41.1764705882353,-0.002513429599329697,1.166666666666602,holded,0,0.0,2024-02-20
2024-02-28,2032.45,0.0,0.0,0.0,-0.001277609886734976,,,47.05882352941177,0.0016509782662261774,8,0.053336697066832306,0.00020656384389883264,55.88235294117648,47.05882352941177,-0.002513429599329697,0.6568627450979627,holded,0,0.0,2024-02-20
2024-02-29,2048.05,0.0,0.0,0.0,0.007675465571108875,,,85.29411764705883,0.009339115864176017,9,0.2972955178538921,0.001043048601939267,64.70588235294119,11.764705882352942,-0.002513429599329697,3.7156862745097983,holded,0,0.0,2024-02-20
2024-03-01,2049.8,1.0,0.0,0.0,0.0008544713263836101,,,64.70588235294119,0.010201567197279271,10,0.29146474708769676,0.0010258632446429328,64.70588235294119,8.823529411764707,-0.002513429599329697,4.05882352941173,holded,0,0.0,2024-02-20
2024-03-04,2098.05,0.0,0.0,0.0,0.023538881842130932,,,100.0,0.03398058252427161,13,0.9112476486355421,0.0026612258977141146,70.58823529411765,0.0,-0.002513429599329697,13.519607843137456,holded,0,0.0,2024-02-20
2024-03-05,2134.4,1.0,0.0,0.0,0.01732561187769588,,,100.0,0.051894928786160976,14,1.4860079014417242,0.003808217206541009,70.58823529411765,0.0,-0.002513429599329697,20.647058823529715,holded,0,0.0,2024-02-20
2024-03-06,2142.85,1.0,0.0,0.0,0.003958958020989334,,,70.58823529411765,0.05605933665171703,15,1.50013687015693,0.003847130079279726,70.58823529411765,0.0,-0.002513429599329697,22.303921568627747,holded,0,0.0,2024-02-20
2024-03-07,2153.45,1.0,0.0,0.0,0.004946683155610421,,,73.52941176470588,0.06128332758365729,16,1.5517823611972474,0.0039525874816499496,70.58823529411765,0.0,-0.002513429599329697,24.38235294117681,holded,0,0.0,2024-02-20
2024-03-08,2171.2,1.0,0.0,0.0,0.008242587475910668,,,88.23529411764707,0.07003104824799111,17,1.7274581490226328,0.00426895795706117,70.58823529411765,0.0,-0.002513429599329697,27.862745098039582,holded,0,0.0,2024-02-20
2024-03-11,2180.45,1.0,0.0,0.0,0.004260316875460468,,,70.58823529411765,0.07458971958010863,20,1.4754706754152278,0.0038722017431020994,70.58823529411765,0.0,-0.002513429599329697,29.67647058823563,holded,0,0.0,2024-02-20
2024-03-12,2161.25,1.0,0.0,0.0,-0.008805521795959503,,,11.764705882352942,0.06512739638263199,21,1.1321544689602927,0.0032049831192810796,70.58823529411765,0.0,-0.008805521795959496,7.396199554297436,take profit,1,0.0,2024-02-20
2024-03-13,2168.4,1.0,-1.0,0.0,0.0033082706766918157,,,70.58823529411765,0.06865112611502577,22,1.1394526250637105,0.003230120415626647,70.58823529411765,0.0,-0.008805521795959496,7.796372288411919,holded,1,0.0,2024-02-20
2024-02-21,2026.75,1.0,0.0,0.0,0.0,,,57.142857142857146,0.0,0,0.0,0.0,57.142857142857146,57.142857142857146,0.0,,holded,0,0.0,2024-02-21
2024-02-22,2024.0,0.0,0.0,0.0,-0.0013568521031207537,,,45.714285714285715,-0.0013568521031207537,1,-0.2897646692015605,-0.0013550110554909622,45.714285714285715,68.57142857142857,-0.001356852103120758,-0.9999999999999968,holded,0,0.0,2024-02-21
2024-02-23,2027.45,0.0,0.0,0.0,0.0017045454545454586,,,68.57142857142857,0.0003453805353399453,2,0.04447089232376267,0.00017273499798808878,57.142857142857146,54.285714285714285,-0.001356852103120758,0.25454545454554,holded,0,0.0,2024-02-21
2024-02-26,2027.2,0.0,0.0,0.0,-0.0001233076031468272,,,54.285714285714285,0.0002220303441471394,5,0.011251919194511295,4.441198417604042e-05,57.142857142857146,54.285714285714285,-0.001356852103120758,0.16363636363644196,holded,0,0.0,2024-02-21
2024-02-27,2035.05,0.0,0.0,0.0,0.003872336227308537,,,71.42857142857143,0.004095226347600844,6,0.1872601727346732,0.0006841663753840432,60.0,28.571428571428573,-0.001356852103120758,3.0181818181818265,holded,0,0.0,2024-02-21
2024-02-28,2032.45,0.0,0.0,0.0,-0.001277609886734976,,,45.714285714285715,0.002812384359195841,7,0.10639140422546789,0.000402414349965019,57.142857142857146,40.0,-0.001356852103120758,2.0727272727273376,holded,0,0.0,2024-02-21
2024-02-29,2048.05,0.0,0.0,0.0,0.007675465571108875,,,85.71428571428572,0.010509436289626528,8,0.3900222799650961,0.0013214217410044693,68.57142857142857,8.571428571428571,-0.001356852103120758,7.745454545454762,holded,0,0.0,2024-02-21
2024-03-01,2049.8,1.0,0.0,0.0,0.0008544713263836101,,,65.71428571428572,0.01137288762797617,9,0.3725134182137759,0.0012716115294701957,68.57142857142857,8.571428571428571,-0.001356852103120758,8.381818181818447,holded,0,0.0,2024-02-21
2024-03-04,2098.05,0.0,0.0,0.0,0.023538881842130932,,,100.0,0.03517947452818593,12,1.066943937184667,0.002986895984649296,71.42857142857143,0.0,-0.001356852103120758,25.927272727273063,holded,0,0.0,2024-02-21
2024-03-05,2134.4,1.0,0.0,0.0,0.01732561187769588,,,100.0,0.05311459232761839,13,1.7269768660874623,0.004200728232505835,71.42857142857143,0.0,-0.001356852103120758,39.14545454545481,holded,0,0.0,2024-02-21
2024-03-06,2142.85,1.0,0.0,0.0,0.003958958020989334,,,71.42857142857143,0.057283828789934654,14,1.7255152390754604,0.004215100390521309,71.42857142857143,0.0,-0.001356852103120758,42.2181818181819,holded,0,0.0,2024-02-21
2024-03-07,2153.45,1.0,0.0,0.0,0.004946683155610421,,,74.28571428571429,0.06251387689650922,15,1.7696281333682675,0.00430391872394198,71.42857142857143,0.0,-0.001356852103120758,46.07272727272736,holded,0,0.0,2024-02-21
2024-03-08,2171.2,1.0,0.0,0.0,0.008242587475910668,,,88.57142857142857,0.07127174047119778,16,1.9574639933398972,0.004619512412213922,71.42857142857143,0.0,-0.001356852103120758,52.52727272727283,holded,0,0.0,2024-02-21
2024-03-11,2180.45,1.0,0.0,0.0,0.004260316875460468,,,71.42857142857143,0.07583569754533115,19,1.636644365284623,0.00414698115823664,71.42857142857143,0.0,-0.001356852103120758,55.89090909090913,holded,0,0.0,2024-02-21
2024-03-12,2161.25,1.0,0.0,0.0,-0.008805521795959503,,,11.428571428571429,0.06636240286172446,20,1.246988190317694,0.003431370568597769,71.42857142857143,0.0,-0.008805521795959437,7.536453193742132,take profit,1,0.0,2024-02-21
2024-03-13,2168.4,1.0,-1.0,0.0,0.0033082706766918157,,,71.42857142857143,0.06989021832983844,21,1.249420263209712,0.003447330081303379,71.42857142857143,0.0,-0.008805521795959437,7.937089924859279,holded,1,0.0,2024-02-21
2024-03-01,2049.8,1.0,0.0,0.0,0.0,,,54.76190476190476,0.0,0,0.0,0.0,54.76190476190476,54.76190476190476,0.0,,holded,0,0.0,2024-03-01
2024-03-04,2098.05,0.0,0.0,0.0,0.023538881842130932,,,100.0,0.023538881842130932,3,6.059354506568206,0.007968784774465387,88.09523809523809,0.0,0.0,inf,take profit,1,0.0,2024-03-01
2024-03-05,2134.4,1.0,-1.0,0.0,0.01732561187769588,,,100.0,0.04127231925065855,4,11.780633372719286,0.010581539002069151,95.23809523809524,0.0,0.0,inf,take profit,2,0.0,2024-03-01
2024-03-05,2134.4,1.0,0.0,0.0,0.0,,,52.27272727272728,0.0,0,0.0,0.0,52.27272727272728,52.27272727272728,0.0,,holded,0,0.0,2024-03-05
2024-03-06,2142.85,1.0,0.0,0.0,0.003958958020989334,,,70.45454545454547,0.003958958020989334,1,1.7065852260302599,0.003974631369601189,70.45454545454547,25.000000000000004,0.0,inf,take profit,1,0.0,2024-03-05
2024-03-07,2153.45,1.0,-1.0,0.0,0.004946683155610421,,,72.72727272727273,0.008925224887555983,2,2.0635961588605247,0.004492440520316832,70.45454545454547,9.090909090909092,0.0,inf,take profit,2,0.0,2024-03-05
2024-03-06,2142.85,1.0,0.0,0.0,0.0,,,51.111111111111114,0.0,0,0.0,0.0,51.111111111111114,51.111111111111114,0.0,,holded,0,0.0,2024-03-06
2024-03-07,2153.45,1.0,0.0,0.0,0.004946683155610421,,,73.33333333333334,0.004946683155610421,1,2.467698461633425,0.004971152829852388,73.33333333333334,20.0,0.0,inf,take profit,1,0.0,2024-03-06
2024-03-08,2171.2,1.0,-1.0,0.0,0.008242587475910668,,,86.66666666666667,0.01323004410014672,2,4.238602242829633,0.006680515806720688,80.0,2.2222222222222223,0.0,inf,take profit,2,0.0,2024-03-06
2024-03-07,2153.45,1.0,0.0,0.0,0.0,,,50.0,0.0,0,0.0,0.0,50.0,50.0,0.0,,holded,0,0.0,2024-03-07
2024-03-08,2171.2,1.0,0.0,0.0,0.008242587475910668,,,86.95652173913044,0.008242587475910668,1,6.913881141110988,0.008310527724208594,86.95652173913044,10.869565217391305,0.0,inf,take profit,1,0.0,2024-03-07
2024-03-11,2180.45,1.0,-1.0,0.0,0.004260316875460468,,,69.56521739130434,0.012538020385892246,4,1.1923728016991677,0.003158991329175853,65.21739130434783,4.3478260869565215,0.0,inf,holded,1,0.0,2024-03-07
2024-03-08,2171.2,1.0,0.0,0.0,0.0,,,48.93617021276596,0.0,0,0.0,0.0,48.93617021276596,48.93617021276596,0.0,,holded,0,0.0,2024-03-08
2024-03-11,2180.45,1.0,0.0,0.0,0.004260316875460468,,,68.08510638297872,0.004260316875460468,3,0.42918801765291126,0.00142413521332041,59.57446808510638,19.148936170212764,0.0,inf,holded,0,0.0,2024-03-08
2024-03-12,2161.25,1.0,0.0,0.0,-0.008805521795959503,,,8.51063829787234,-0.004582719233603649,4,-0.25126853259337034,-0.0011423945857884643,42.5531914893617,68.08510638297872,-0.008805521795959583,-0.5204369871307832,holded,0,0.0,2024-03-08
2024-03-13,2168.4,1.0,0.0,0.0,0.0033082706766918157,,,63.829787234042556,-0.0012896094325718366,5,-0.06296838944866512,-0.0002577222467442519,44.680851063829785,59.57446808510638,-0.008805521795959583,-0.14645462954433597,holded,0,0.0,2024-03-08
2024-03-14,2160.8,1.0,0.0,0.0,-0.0035048883969747147,,,25.53191489361702,-0.004789977892409647,6,-0.18262920472283695,-0.0007960960184052457,42.5531914893617,68.08510638297872,-0.009011901213052122,-0.5315169107127166,holded,0,0.0,2024-03-08
2024-03-15,2163.45,1.0,0.0,0.0,0.0012263976305071367,,,59.57446808510638,-0.0035694546794399207,7,-0.12078890257472186,-0.0005088809523993154,42.5531914893617,63.829787234042556,-0.009011901213052122,-0.3960823132714999,holded,0,0.0,2024-03-08
2024-03-18,2158.15,1.0,0.0,0.0,-0.0024497908433288584,,,34.04255319148936,-0.006010501105379373,10,-0.14094441421805426,-0.0005990595807331411,42.5531914893617,76.59574468085106,-0.010227246669265269,-0.5876949387993172,holded,0,0.0,2024-03-08
2024-03-19,2154.9,1.0,0.0,0.0,-0.0015059194217269534,,,34.04255319148936,-0.00750736919675743,11,-0.15855601883548887,-0.0006796869878804568,42.5531914893617,78.72340425531915,-0.011717764681602181,-0.6406827070477523,holded,0,0.0,2024-03-08
2024-03-20,2157.45,1.0,0.0,0.0,0.0011833495753861278,,,59.57446808510638,-0.0063329034635225545,12,-0.12489716044831978,-0.0005259281163332297,42.5531914893617,76.59574468085106,-0.011717764681602181,-0.5404532037979662,holded,0,0.0,2024-03-08
2024-03-21,2170.5,1.0,0.0,0.0,0.006048807620107066,,,76.59574468085106,-0.00032240235814307017,13,-0.00623115868405455,-2.47958756254274e-05,46.808510638297875,48.93617021276596,-0.011717764681602181,-0.027513981284268952,holded,0,0.0,2024-03-08
2024-03-22,2171.6,1.0,0.0,0.0,0.0005067956692006437,,,48.93617021276596,0.00018422991893873863,14,0.0033213365682227547,1.3160578600013295e-05,48.93617021276596,44.680851063829785,-0.011717764681602181,0.015722275019568722,holded,0,0.0,2024-03-08
2024-03-25,2176.7,1.0,0.0,0.0,0.002348498802726029,,,63.829787234042556,0.002533161385408711,17,0.038215020220745854,0.0001492091691042141,48.93617021276596,34.04255319148936,-0.011717764681602181,0.21618128151915997,holded,0,0.0,2024-03-08
2024-03-26,2179.8,1.0,0.0,0.0,0.001424174208664697,,,59.57446808510638,0.00396094325718499,18,0.05690377970451066,0.00022051184972315951,48.93617021276596,23.404255319148938,-0.011717764681602181,0.3380289129209076,holded,0,0.0,2024-03-08
2024-03-27,2192.7,1.0,0.0,0.0,0.005917974126066428,,,76.59574468085106,0.009902358142962253,19,0.1396150501020048,0.0005238845431814187,48.93617021276596,6.382978723404255,-0.011717764681602181,0.84507228230225,holded,0,0.0,2024-03-08
2024-03-28,2214.35,1.0,0.0,0.0,0.009873671728918731,,,89.36170212765957,0.019873802505526728,20,0.2814011110239072,0.0010039934117009874,57.4468085106383,0.0,-0.011717764681602181,1.6960404177368549,holded,0,0.0,2024-03-08
2024-04-02,2264.5,1.0,0.0,0.0,0.022647729582044418,,,97.87234042553192,0.04297162859248327,25,0.5282230528241627,0.0017567563035791878,61.702127659574465,0.0,-0.011717764681602181,3.6672206483163237,holded,0,0.0,2024-03-08
2024-04-03,2280.15,0.0,0.0,0.0,0.006911017884742909,,,78.72340425531915,0.05017962417096533,26,0.6072862710782823,0.0019794815196627624,61.702127659574465,0.0,-0.011717764681602181,4.282354658457284,holded,0,0.0,2024-03-08
2024-04-04,2293.5,0.0,0.0,-1.0,0.0058548779685545504,,,76.59574468085106,0.056328297715548814,27,0.6677202370225661,0.0021460941774973374,63.829787234042556,0.0,-0.011717764681602181,4.807085587235653,exit_general,1,0.0,2024-03-08
2024-04-05,2298.55,0.0,-1.0,-1.0,0.0022018748637453456,,,63.829787234042556,0.05865420044215153,28,0.6702717090395414,0.0021572549550070708,63.829787234042556,0.0,-0.011717764681602181,5.005579309357805,exit_general,2,0.0,2024-03-08
2024-03-11,2180.45,1.0,0.0,0.0,0.0,,,47.91666666666667,0.0,0,0.0,0.0,47.91666666666667,47.91666666666667,0.0,,holded,0,0.0,2024-03-11
2024-03-12,2161.25,1.0,0.0,0.0,-0.008805521795959503,,,8.333333333333334,-0.008805521795959503,1,-0.8923444945633459,-0.008727984581860415,8.333333333333334,87.5,-0.00880552179595952,-0.999999999999998,holded,0,0.0,2024-03-11
2024-03-13,2168.4,1.0,0.0,0.0,0.0033082706766918157,,,62.50000000000001,-0.005526382168818178,2,-0.5025475716009961,-0.0027517276762409892,29.166666666666668,77.08333333333334,-0.00880552179595952,-0.6276041666666476,holded,0,0.0,2024-03-11
2024-03-14,2160.8,1.0,0.0,0.0,-0.0035048883969747147,,,25.0,-0.009011901213052176,3,-0.5325352516814389,-0.0029858831553150056,29.166666666666668,87.5,-0.009011901213052198,-0.9999999999999974,holded,0,0.0,2024-03-11
2024-03-15,2163.45,1.0,0.0,0.0,0.0012263976305071367,,,58.333333333333336,-0.00779655575683913,4,-0.3892745654996098,-0.001939622506638372,33.333333333333336,83.33333333333334,-0.009011901213052198,-0.8651399491094234,holded,0,0.0,2024-03-11
2024-03-18,2158.15,1.0,0.0,0.0,-0.0024497908433288584,,,33.333333333333336,-0.010227246669265333,7,-0.3093185461803334,-0.0014524716733385068,33.333333333333336,91.66666666666667,-0.010227246669265356,-0.9999999999999978,holded,0,0.0,2024-03-11
2024-03-19,2154.9,1.0,0.0,0.0,-0.0015059194217269534,,,33.333333333333336,-0.011717764681602238,8,-0.31015559073795496,-0.0014550330785491061,33.333333333333336,91.66666666666667,-0.011717764681602176,-1.0000000000000053,holded,0,0.0,2024-03-11
2024-03-20,2157.45,1.0,0.0,0.0,0.0011833495753861278,,,58.333333333333336,-0.010548281318076613,9,-0.2568970216938057,-0.0011651413973813307,39.583333333333336,91.66666666666667,-0.011717764681602176,-0.9001956947162675,holded,0,0.0,2024-03-11
2024-03-21,2170.5,1.0,0.0,0.0,0.006048807620107066,,,77.08333333333334,-0.004563278222385336,10,-0.10886361028138514,-0.0004551809579964594,41.66666666666667,68.75,-0.011717764681602176,-0.3894324853229086,holded,0,0.0,2024-03-11
2024-03-22,2171.6,1.0,0.0,0.0,0.0005067956692006437,,,47.91666666666667,-0.0040587952028251495,11,-0.08896368574090463,-0.0003681634918460963,43.75,66.66666666666667,-0.011717764681602176,-0.34637964774952185,holded,0,0.0,2024-03-11
2024-03-25,2176.7,1.0,0.0,0.0,0.002348498802726029,,,62.50000000000001,-0.001719828475773455,14,-0.030508491925135606,-0.0001227316493224162,45.833333333333336,60.41666666666667,-0.011717764681602176,-0.14677103718200815,holded,0,0.0,2024-03-11
2024-03-26,2179.8,1.0,0.0,0.0,0.001424174208664697,,,58.333333333333336,-0.0002981036024672923,15,-0.00499636358541744,-1.9870413533351616e-05,45.833333333333336,47.91666666666667,-0.011717764681602176,-0.025440313111538986,holded,0,0.0,2024-03-11
2024-03-27,2192.7,1.0,0.0,0.0,0.005917974126066428,,,77.08333333333334,0.005618106354192909,16,0.09224754650110745,0.00035217780639373863,47.91666666666667,16.666666666666668,-0.011717764681602176,0.4794520547945278,holded,0,0.0,2024-03-11
2024-03-28,2214.35,1.0,0.0,0.0,0.009873671728918731,,,89.58333333333334,0.015547249420991172,17,0.2569547305042852,0.000922035160044965,56.25000000000001,0.0,-0.011717764681602176,1.3268101761252802,holded,0,0.0,2024-03-11
2024-04-02,2264.5,1.0,0.0,0.0,0.022647729582044418,,,97.91666666666667,0.03854708890366676,22,0.5422492623031645,0.0017870203189018774,60.41666666666667,0.0,-0.011717764681602176,3.289628180039215,holded,0,0.0,2024-03-11
2024-04-03,2280.15,0.0,0.0,0.0,0.006911017884742909,,,79.16666666666667,0.04572450640922776,23,0.6320968013845192,0.002034772427503162,62.50000000000001,0.0,-0.011717764681602176,3.9021526418787773,holded,0,0.0,2024-03-11
2024-04-04,2293.5,0.0,0.0,-1.0,0.0058548779685545504,,,77.08333333333334,0.051847095782980634,24,0.7002094581473777,0.0022176892457828057,62.50000000000001,0.0,-0.011717764681602176,4.4246575342466725,exit_general,1,0.0,2024-03-11
2024-04-05,2298.55,0.0,-1.0,-1.0,0.0022018748637453456,,,62.50000000000001,0.054163131463688785,25,0.7018091570524314,0.0022265146626925247,62.50000000000001,0.0,-0.011717764681602176,4.622309197651768,exit_general,2,0.0,2024-03-11
2024-03-12,2161.25,1.0,0.0,0.0,0.0,,,48.9795918367347,0.0,0,0.0,0.0,48.9795918367347,48.9795918367347,0.0,,holded,0,0.0,2024-03-12
2024-03-13,2168.4,1.0,0.0,0.0,0.0033082706766918157,,,63.26530612244898,0.0033082706766918157,1,1.298618333696559,0.0033192153315619866,63.26530612244898,28.571428571428573,0.0,inf,holded,0,0.0,2024-03-12
2024-03-14,2160.8,1.0,0.0,0.0,-0.0035048883969747147,,,26.53061224489796,-0.00020821283979166605,2,-0.02589633562436766,-0.00010409016211165856,46.93877551020408,48.9795918367347,-0.0035048883969745737,-0.059406410763719546,holded,0,0.0,2024-03-12
2024-03-15,2163.45,1.0,0.0,0.0,0.0012263976305071367,,,59.183673469387756,0.001017929438982046,3,0.08922080500064089,0.00033954002322755805,48.9795918367347,42.85714285714286,-0.0035048883969745737,0.29043134151167965,holded,0,0.0,2024-03-12
2024-03-18,2158.15,1.0,0.0,0.0,-0.0024497908433288584,,,34.69387755102041,-0.0014343551185656,6,-0.05850492433352539,-0.0002388590841486682,44.89795918367347,59.183673469387756,-0.004726987640656755,-0.3034395745461087,holded,0,0.0,2024-03-12
2024-03-19,2154.9,1.0,0.0,0.0,-0.0015059194217269534,,,34.69387755102041,-0.0029381145170618295,7,-0.10051042276930033,-0.0004190253576634717,44.89795918367347,63.26530612244898,-0.00622578859988923,-0.4719264828738491,holded,0,0.0,2024-03-12
2024-03-20,2157.45,1.0,0.0,0.0,0.0011833495753861278,,,59.183673469387756,-0.0017582417582419074,8,-0.05392493416746291,-0.00021956274316647928,44.89795918367347,61.224489795918366,-0.00622578859988923,-0.2824126984127264,holded,0,0.0,2024-03-12
2024-03-21,2170.5,1.0,0.0,0.0,0.006048807620107066,,,77.55102040816327,0.004279930595719961,9,0.12702603594199546,0.00047667714171106823,48.9795918367347,20.408163265306122,-0.00622578859988923,0.6874519632414293,holded,0,0.0,2024-03-12
2024-03-22,2171.6,1.0,0.0,0.0,0.0005067956692006437,,,48.9795918367347,0.004788895315211095,10,0.12793905104176617,0.0004801490670078845,48.9795918367347,20.408163265306122,-0.00622578859988923,0.7692030075188064,holded,0,0.0,2024-03-12
2024-03-25,2176.7,1.0,0.0,0.0,0.002348498802726029,,,63.26530612244898,0.007148640832851383,13,0.14806818916323317,0.0005520075038032424,48.9795918367347,14.285714285714286,-0.00622578859988923,1.1482305764411231,holded,0,0.0,2024-03-12
2024-03-26,2179.8,1.0,0.0,0.0,0.001424174208664697,,,59.183673469387756,0.008582995951417205,14,0.16629806572096872,0.0006158826030226994,48.9795918367347,10.204081632653061,-0.00622578859988923,1.3786198830409877,holded,0,0.0,2024-03-12
2024-03-27,2192.7,1.0,0.0,0.0,0.005917974126066428,,,77.55102040816327,0.014551764025448222,15,0.27469632406382516,0.0009776127791738531,57.142857142857146,2.0408163265306123,-0.00622578859988923,2.337336675020917,holded,0,0.0,2024-03-12
2024-03-28,2214.35,1.0,0.0,0.0,0.009873671728918731,,,89.79591836734694,0.024569115095431027,16,0.4656316967978289,0.0015554603947594003,59.183673469387756,0.0,-0.00622578859988923,3.9463458646617338,holded,0,0.0,2024-03-12
2024-04-02,2264.5,1.0,0.0,0.0,0.022647729582044418,,,97.9591836734694,0.04777327935222697,21,0.7506842508234872,0.002331002046557673,63.26530612244898,0.0,-0.00622578859988923,7.673450292397812,holded,0,0.0,2024-03-12
2024-04-03,2280.15,0.0,0.0,0.0,0.006911017884742909,,,79.59183673469389,0.055014459224985934,22,0.8467773309516495,0.002571344006446985,63.26530612244898,0.0,-0.00622578859988923,8.8365446950712,holded,0,0.0,2024-03-12
2024-04-04,2293.5,0.0,0.0,-1.0,0.0058548779685545504,,,77.55102040816327,0.06119144013880873,23,0.9169450029382793,0.0027438270437023515,63.26530612244898,0.0,-0.00622578859988923,9.828705096073685,exit_general,1,0.0,2024-03-12
2024-04-05,2298.55,0.0,-1.0,-1.0,0.0022018748637453456,,,63.26530612244898,0.06352805089647218,24,0.9092551247662037,0.0027328607828553952,63.26530612244898,0.0,-0.00622578859988923,10.204016708437944,exit_general,2,0.0,2024-03-12
2024-03-13,2168.4,1.0,0.0,0.0,0.0,,,48.0,0.0,0,0.0,0.0,48.0,48.0,0.0,,holded,0,0.0,2024-03-13
2024-03-14,2160.8,1.0,0.0,0.0,-0.0035048883969747147,,,26.0,-0.0035048883969747147,1,-0.5871963887871388,-0.003492604154299417,26.0,64.0,-0.0035048883969747637,-0.999999999999986,holded,0,0.0,2024-03-13
2024-03-15,2163.45,1.0,0.0,0.0,0.0012263976305071367,,,58.0,-0.00228278915329283,2,-0.2502085927168838,-0.0011394396601459578,42.0,62.0,-0.0035048883969747637,-0.6513157894737003,holded,0,0.0,2024-03-13
2024-03-18,2158.15,1.0,0.0,0.0,-0.0024497908433288584,,,34.0,-0.00472698764065671,5,-0.21243158592169253,-0.0009427128115677696,42.0,70.0,-0.004726987640656688,-1.0000000000000047,holded,0,0.0,2024-03-13
2024-03-19,2154.9,1.0,0.0,0.0,-0.0015059194217269534,,,34.0,-0.006225788599889315,6,-0.23072016789682748,-0.0010338565212065776,42.0,78.0,-0.006225788599889342,-0.9999999999999957,holded,0,0.0,2024-03-13
2024-03-20,2157.45,1.0,0.0,0.0,0.0011833495753861278,,,58.0,-0.005049806308799365,7,-0.16661002412536163,-0.0007193162137062448,42.0,76.0,-0.006225788599889342,-0.8111111111111484,holded,0,0.0,2024-03-13
2024-03-21,2170.5,1.0,0.0,0.0,0.006048807620107066,,,78.0,0.0009684560044269652,8,0.030961231622815166,0.00012112292852228812,48.0,42.0,-0.006225788599889342,0.15555555555551287,holded,0,0.0,2024-03-13
2024-03-22,2171.6,1.0,0.0,0.0,0.0005067956692006437,,,48.0,0.0014757424829363597,9,0.04215463044698842,0.0001641057613308572,48.0,34.0,-0.006225788599889342,0.2370370370369771,holded,0,0.0,2024-03-13
2024-03-25,2176.7,1.0,0.0,0.0,0.002348498802726029,,,62.0,0.0038277070651167033,12,0.0835345194865218,0.00031963616195129774,48.0,24.0,-0.006225788599889342,0.614814814814743,holded,0,0.0,2024-03-13
2024-03-26,2179.8,1.0,0.0,0.0,0.001424174208664697,,,58.0,0.0052573325954619055,13,0.10698977229972884,0.0004055531856554939,48.0,20.0,-0.006225788599889342,0.8444444444444115,holded,0,0.0,2024-03-13
2024-03-27,2192.7,1.0,0.0,0.0,0.005917974126066428,,,78.0,0.0112064194798005,14,0.2221280834071817,0.0008052474591060399,52.0,6.0,-0.006225788599889342,1.7999999999999494,holded,0,0.0,2024-03-13
2024-03-28,2214.35,1.0,0.0,0.0,0.009873671728918731,,,90.0,0.02119073971591945,15,0.42231365967490797,0.00142857791796569,58.0,0.0,-0.006225788599889342,3.4037037037036715,holded,0,0.0,2024-03-13
2024-04-02,2264.5,1.0,0.0,0.0,0.022647729582044418,,,98.0,0.044318391440693494,20,0.7270100814308411,0.002266769377978317,62.0,0.0,-0.006225788599889342,7.118518518518476,holded,0,0.0,2024-03-13
2024-04-03,2280.15,0.0,0.0,0.0,0.006911017884742909,,,80.0,0.05153569452130613,21,0.827629811609286,0.00251927093800286,62.0,0.0,-0.006225788599889342,8.277777777777764,holded,0,0.0,2024-03-13
2024-04-04,2293.5,0.0,0.0,-1.0,0.0058548779685545504,,,78.0,0.05769230769230771,22,0.9011887440127002,0.00270004942771207,62.0,0.0,-0.006225788599889342,9.266666666666636,exit_general,1,0.0,2024-03-13
2024-04-05,2298.55,0.0,-1.0,-1.0,0.0022018748637453456,,,62.0,0.06002121379819214,23,0.8939106709816984,0.0026898196938447416,62.0,0.0,-0.006225788599889342,9.640740740740695,exit_general,2,0.0,2024-03-13
2024-03-14,2160.8,1.0,0.0,0.0,0.0,,,49.01960784313725,0.0,0,0.0,0.0,49.01960784313725,49.01960784313725,0.0,,holded,0,0.0,2024-03-14
2024-03-15,2163.45,1.0,0.0,0.0,0.0012263976305071367,,,58.8235294117647,0.0012263976305071367,1,0.36187557270594417,0.001227901681655208,58.8235294117647,41.17647058823529,0.0,inf,holded,0,0.0,2024-03-14
2024-03-18,2158.15,1.0,0.0,0.0,-0.0024497908433288584,,,35.29411764705882,-0.0012263976305072477,4,-0.07439756011701337,-0.00030636432754294063,45.09803921568627,58.8235294117647,-0.0024497908433289187,-0.5006131988152699,holded,0,0.0,2024-03-14
2024-03-19,2154.9,1.0,0.0,0.0,-0.0015059194217269534,,,35.29411764705882,-0.0027304701962236333,5,-0.12873048505471296,-0.0005451987309221806,43.13725490196078,62.745098039215684,-0.003952021077445721,-0.690904765616381,holded,0,0.0,2024-03-14
2024-03-20,2157.45,1.0,0.0,0.0,0.0011833495753861278,,,58.8235294117647,-0.0015503517215847973,6,-0.0630874210134521,-0.0002581581704839131,45.09803921568627,58.8235294117647,-0.003952021077445721,-0.39229338386697676,holded,0,0.0,2024-03-14
2024-03-21,2170.5,1.0,0.0,0.0,0.006048807620107066,,,78.4313725490196,0.00448907811921484,7,0.17497299153551182,0.0006429398153564581,49.01960784313725,19.6078431372549,-0.003952021077445721,1.1358942756743167,holded,0,0.0,2024-03-14
2024-03-22,2171.6,1.0,0.0,0.0,0.0005067956692006437,,,49.01960784313725,0.004998148833764926,8,0.17005357214089534,0.0006265225607120506,49.01960784313725,19.6078431372549,-0.003952021077445721,1.2647070285858244,holded,0,0.0,2024-03-14
2024-03-25,2176.7,1.0,0.0,0.0,0.002348498802726029,,,62.745098039215684,0.00735838578304282,11,0.18288543635561183,0.0006716231139158868,50.98039215686274,13.72549019607843,-0.003952021077445721,1.8619297920846891,holded,0,0.0,2024-03-14
2024-03-26,2179.8,1.0,0.0,0.0,0.001424174208664697,,,58.8235294117647,0.008793039614957143,12,0.20183159885633906,0.0007362339917806882,52.94117647058823,9.80392156862745,-0.003952021077445721,2.2249475502899596,holded,0,0.0,2024-03-14
2024-03-27,2192.7,1.0,0.0,0.0,0.005917974126066428,,,78.4313725490196,0.014763050721954274,13,0.3285447991583965,0.0011446059861706104,56.86274509803921,1.9607843137254901,-0.003952021077445721,3.7355698344341732,holded,0,0.0,2024-03-14
2024-03-28,2214.35,1.0,0.0,0.0,0.009873671728918731,,,90.19607843137254,0.024782487967418998,14,0.5537119863271076,0.0017935010293623765,60.78431372549019,0.0,-0.003952021077445721,6.27083901673836,holded,0,0.0,2024-03-14
2024-04-02,2264.5,1.0,0.0,0.0,0.022647729582044418,,,98.0392156862745,0.04799148463531977,19,0.862121881910219,0.0025887227525434042,62.745098039215684,0.0,-0.003952021077445721,12.14352952447757,holded,0,0.0,2024-03-14
2024-04-03,2280.15,0.0,0.0,0.0,0.006911017884742909,,,80.3921568627451,0.05523417252869267,20,0.9687722112336488,0.0028404282874814335,62.745098039215684,0.0,-0.003952021077445721,13.976183690900694,holded,0,0.0,2024-03-14
2024-04-04,2293.5,0.0,0.0,-1.0,0.0058548779685545504,,,78.4313725490196,0.061412439837096766,21,1.0446081116907067,0.0030166942917631,62.745098039215684,0.0,-0.003952021077445721,15.539502101236007,exit_general,1,0.0,2024-03-14
2024-04-05,2298.55,0.0,-1.0,-1.0,0.0022018748637453456,,,62.745098039215684,0.06374953720844068,22,1.0297051128640873,0.0029923684506836246,62.745098039215684,0.0,-0.003952021077445721,16.13086973960256,exit_general,2,0.0,2024-03-14
2024-03-15,2163.45,1.0,0.0,0.0,0.0,,,48.07692307692308,0.0,0,0.0,0.0,48.07692307692308,48.07692307692308,0.0,,holded,0,0.0,2024-03-15
2024-03-18,2158.15,1.0,0.0,0.0,-0.0024497908433288584,,,34.61538461538461,-0.0024497908433288584,3,-0.18619533024463275,-0.0008152625598415453,42.30769230769231,63.46153846153846,-0.002449790843328827,-1.0000000000000127,holded,0,0.0,2024-03-15
2024-03-19,2154.9,1.0,0.0,0.0,-0.0015059194217269534,,,34.61538461538461,-0.003952021077445633,4,-0.2207868182542586,-0.0009855624680384922,42.30769230769231,67.3076923076923,-0.0039520210774456645,-0.9999999999999921,holded,0,0.0,2024-03-15
2024-03-20,2157.45,1.0,0.0,0.0,0.0011833495753861278,,,57.69230769230769,-0.002773348124523456,5,-0.13061649144476828,-0.0005537459662779964,42.30769230769231,63.46153846153846,-0.0039520210774456645,-0.7017543859649585,holded,0,0.0,2024-03-15
2024-03-21,2170.5,1.0,0.0,0.0,0.006048807620107066,,,78.84615384615385,0.003258684046314686,6,0.14641790258927023,0.0005441454794785638,48.07692307692308,28.846153846153847,-0.0039520210774456645,0.8245614035087314,holded,0,0.0,2024-03-15
2024-03-22,2171.6,1.0,0.0,0.0,0.0005067956692006437,,,48.07692307692308,0.003767131202477403,7,0.14495109008630047,0.0005393188272726501,48.07692307692308,23.076923076923077,-0.0039520210774456645,0.9532163742689949,holded,0,0.0,2024-03-15
2024-03-25,2176.7,1.0,0.0,0.0,0.002348498802726029,,,63.46153846153846,0.006124477108322202,10,0.16633473655709996,0.000614506938459991,48.07692307692308,15.384615384615385,-0.0039520210774456645,1.5497076023391745,holded,0,0.0,2024-03-15
2024-03-26,2179.8,1.0,0.0,0.0,0.001424174208664697,,,59.61538461538462,0.0075573736393261814,11,0.188249984582886,0.0006898595987196998,50.0,13.461538461538462,-0.0039520210774456645,1.912280701754452,holded,0,0.0,2024-03-15
2024-03-27,2192.7,1.0,0.0,0.0,0.005917974126066428,,,78.84615384615385,0.013520072107051195,12,0.32580433506577733,0.0011348898520908701,55.769230769230774,1.9230769230769231,-0.0039520210774456645,3.4210526315790077,holded,0,0.0,2024-03-15
2024-03-28,2214.35,1.0,0.0,0.0,0.009873671728918731,,,90.38461538461539,0.023527236589706346,13,0.5695424322284486,0.0018325506214442733,61.53846153846154,0.0,-0.0039520210774456645,5.953216374269152,holded,0,0.0,2024-03-15
2024-04-02,2264.5,1.0,0.0,0.0,0.022647729582044418,,,98.07692307692308,0.04670780466384716,18,0.8947698882927193,0.002657925453702026,63.46153846153846,0.0,-0.0039520210774456645,11.818713450292659,holded,0,0.0,2024-03-15
2024-04-03,2280.15,0.0,0.0,0.0,0.006911017884742909,,,80.76923076923077,0.05394162102197897,19,1.0073337110090317,0.002918295725365283,63.46153846153846,0.0,-0.0039520210774456645,13.649122807017873,holded,0,0.0,2024-03-15
2024-04-04,2293.5,0.0,0.0,-1.0,0.0058548779685545504,,,78.84615384615385,0.060112320599043256,20,1.0865736176704632,0.003098715675902808,63.46153846153846,0.0,-0.0039520210774456645,15.210526315789805,exit_general,1,0.0,2024-03-15
2024-04-05,2298.55,0.0,-1.0,-1.0,0.0022018748637453456,,,63.46153846153846,0.06244655527051712,21,1.0686409288797902,0.0030690421481600616,63.46153846153846,0.0,-0.0039520210774456645,15.801169590643633,exit_general,2,0.0,2024-03-15
2024-03-18,2158.15,1.0,0.0,0.0,0.0,,,49.056603773584904,0.0,0,0.0,0.0,49.056603773584904,49.056603773584904,0.0,,holded,0,0.0,2024-03-18
2024-03-19,2154.9,1.0,0.0,0.0,-0.0015059194217269534,,,35.84905660377358,-0.0015059194217269534,1,-0.31598656752123044,-0.0015036516284222534,35.84905660377358,60.37735849056604,-0.0015059194217269577,-0.9999999999999971,holded,0,0.0,2024-03-18
2024-03-20,2157.45,1.0,0.0,0.0,0.0011833495753861278,,,58.49056603773585,-0.0003243518754491026,2,-0.04005085089056715,-0.00016213648403939906,45.283018867924525,49.056603773584904,-0.0015059194217269577,-0.21538461538476109,holded,0,0.0,2024-03-18
2024-03-21,2170.5,1.0,0.0,0.0,0.006048807620107066,,,79.24528301886792,0.0057224938025621785,3,0.6149747675597261,0.0019147657988918265,62.264150943396224,15.09433962264151,-0.0015059194217269577,3.799999999999827,holded,0,0.0,2024-03-18
2024-03-22,2171.6,1.0,0.0,0.0,0.0005067956692006437,,,49.056603773584904,0.0062321896068389115,4,0.4790641237427409,0.001564106751221983,60.37735849056604,15.09433962264151,-0.0015059194217269577,4.13846153846131,holded,0,0.0,2024-03-18
2024-03-25,2176.7,1.0,0.0,0.0,0.002348498802726029,,,64.15094339622641,0.008595324699395057,7,0.3608498954637964,0.0012339197646595856,60.37735849056604,9.433962264150944,-0.0015059194217269577,5.707692307692077,holded,0,0.0,2024-03-18
2024-03-26,2179.8,1.0,0.0,0.0,0.001424174208664697,,,60.37735849056604,0.01003174014781183,8,0.36947207905653356,0.0012610228669842627,60.37735849056604,5.660377358490566,-0.0015059194217269577,6.661538461538423,holded,0,0.0,2024-03-18
2024-03-27,2192.7,1.0,0.0,0.0,0.005917974126066428,,,79.24528301886792,0.016009081852512486,9,0.5600284566407627,0.001794532805259319,62.264150943396224,0.0,-0.0015059194217269577,10.630769230769065,holded,0,0.0,2024-03-18
2024-03-28,2214.35,1.0,0.0,0.0,0.009873671728918731,,,90.56603773584905,0.026040822000324315,10,0.9113883135265493,0.0026410912210412807,64.15094339622641,0.0,-0.0015059194217269577,17.29230769230749,holded,0,0.0,2024-03-18
2024-04-02,2264.5,1.0,0.0,0.0,0.022647729582044418,,,98.11320754716981,0.049278317077126266,15,1.2436945531505432,0.00337026950353958,66.0377358490566,0.0,-0.0015059194217269577,32.7230769230766,holded,0,0.0,2024-03-18
2024-04-03,2280.15,0.0,0.0,0.0,0.006911017884742909,,,81.13207547169812,0.05652989829251931,16,1.3775968449640938,0.0036373988006672686,66.0377358490566,0.0,-0.0015059194217269577,37.53846153846132,holded,0,0.0,2024-03-18
2024-04-04,2293.5,0.0,0.0,-1.0,0.0058548779685545504,,,79.24528301886792,0.06271575191715129,17,1.463740279800787,0.003809311826743933,66.0377358490566,0.0,-0.0015059194217269577,41.646153846153425,exit_general,1,0.0,2024-03-18
2024-04-05,2298.55,0.0,-1.0,-1.0,0.0022018748637453456,,,64.15094339622641,0.06505571901860385,18,1.4166435766960768,0.003735836181241403,66.0377358490566,0.0,-0.0015059194217269577,43.19999999999952,exit_general,2,0.0,2024-03-18
2024-03-19,2154.9,1.0,0.0,0.0,0.0,,,50.0,0.0,0,0.0,0.0,50.0,50.0,0.0,,holded,0,0.0,2024-03-19
2024-03-20,2157.45,1.0,0.0,0.0,0.0011833495753861278,,,59.25925925925926,0.0011833495753861278,1,0.3471992290217609,0.0011847498916037758,59.25925925925926,42.592592592592595,0.0,inf,holded,0,0.0,2024-03-19
2024-03-21,2170.5,1.0,0.0,0.0,0.006048807620107066,,,79.62962962962963,0.0072393150494221015,2,1.4815115260811802,0.003639286757513238,66.66666666666667,12.962962962962964,0.0,inf,holded,0,0.0,2024-03-19
2024-03-22,2171.6,1.0,0.0,0.0,0.0005067956692006437,,,50.0,0.007749779572137738,3,0.9126160406434141,0.002596583409353981,64.81481481481481,12.962962962962964,0.0,inf,holded,0,0.0,2024-03-19
2024-03-25,2176.7,1.0,0.0,0.0,0.002348498802726029,,,64.81481481481481,0.010116478722910216,6,0.5261638300189224,0.001696001982829376,61.111111111111114,5.555555555555555,0.0,inf,holded,0,0.0,2024-03-19
2024-03-26,2179.8,1.0,0.0,0.0,0.001424174208664697,,,61.111111111111114,0.011555060559654606,7,0.5122478487102966,0.0016615866894811315,61.111111111111114,5.555555555555555,0.0,inf,holded,0,0.0,2024-03-19
2024-03-27,2192.7,1.0,0.0,0.0,0.005917974126066428,,,79.62962962962963,0.017541417235138246,8,0.7293822879769265,0.0022142026131724,64.81481481481481,0.0,0.0,inf,holded,0,0.0,2024-03-19
2024-03-28,2214.35,1.0,0.0,0.0,0.009873671728918731,,,90.74074074074075,0.027588287159496794,9,1.1425751834105613,0.0031119684372389322,64.81481481481481,0.0,0.0,inf,holded,0,0.0,2024-03-19
2024-04-02,2264.5,1.0,0.0,0.0,0.022647729582044418,,,98.14814814814815,0.050860828808761305,14,1.4423824441278477,0.003730380768652397,66.66666666666667,0.0,0.0,inf,holded,0,0.0,2024-03-19
2024-04-03,2280.15,0.0,0.0,0.0,0.006911017884742909,,,81.48148148148148,0.05812334679103448,15,1.5835078657636608,0.0039928948932768105,70.37037037037037,0.0,0.0,inf,holded,0,0.0,2024-03-19
2024-04-04,2293.5,0.0,0.0,-1.0,0.0058548779685545504,,,79.62962962962963,0.06431852986217446,16,1.6691812609321528,0.004154587314460612,70.37037037037037,0.0,0.0,inf,exit_general,1,0.0,2024-03-19
2024-04-05,2298.55,0.0,-1.0,-1.0,0.0022018748637453456,,,64.81481481481481,0.0666620260800963,17,1.6028947097834316,0.004056880590068479,70.37037037037037,0.0,0.0,inf,exit_general,2,0.0,2024-03-19
2024-03-20,2157.45,1.0,0.0,0.0,0.0,,,49.090909090909086,0.0,0,0.0,0.0,49.090909090909086,49.090909090909086,0.0,,holded,0,0.0,2024-03-20
2024-03-21,2170.5,1.0,0.0,0.0,0.006048807620107066,,,80.0,0.006048807620107066,1,3.5708899778283545,0.006085395693732121,80.0,14.545454545454545,0.0,inf,take profit,1,0.0,2024-03-20
2024-03-22,2171.6,1.0,-1.0,0.0,0.0005067956692006437,,,49.090909090909086,0.006558668798813505,2,1.2789026733055997,0.0032954478607511994,65.45454545454545,12.727272727272727,0.0,inf,holded,1,0.0,2024-03-20
2024-03-21,2170.5,1.0,0.0,0.0,0.0,,,48.214285714285715,0.0,0,0.0,0.0,48.214285714285715,48.214285714285715,0.0,,holded,0,0.0,2024-03-21
2024-03-22,2171.6,1.0,0.0,0.0,0.0005067956692006437,,,48.214285714285715,0.0005067956692006437,1,0.136189542865935,0.0005070525110508761,48.214285714285715,42.85714285714286,0.0,inf,holded,0,0.0,2024-03-21
2024-03-25,2176.7,1.0,0.0,0.0,0.002348498802726029,,,64.28571428571429,0.002856484680949123,4,0.1968606441990064,0.0007153951835385808,50.0,28.571428571428573,0.0,inf,holded,0,0.0,2024-03-21
2024-03-26,2179.8,1.0,0.0,0.0,0.001424174208664697,,,60.714285714285715,0.004284727021423906,5,0.2404682325845151,0.0008591459581943628,55.35714285714286,17.857142857142858,0.0,inf,holded,0,0.0,2024-03-21
2024-03-27,2192.7,1.0,0.0,0.0,0.005917974126066428,,,78.57142857142857,0.010228058051140465,6,0.5332603677151075,0.001714818305221577,62.5,5.357142857142858,0.0,inf,holded,0,0.0,2024-03-21
2024-03-28,2214.35,1.0,0.0,0.0,0.009873671728918731,,,91.07142857142857,0.020202718267680497,7,1.0545331287162645,0.0029192304257656954,64.28571428571429,0.0,0.0,inf,holded,0,0.0,2024-03-21
2024-04-02,2264.5,1.0,0.0,0.0,0.022647729582044418,,,98.21428571428572,0.04330799354987347,12,1.43592118094196,0.0036925635131919154,66.07142857142857,0.0,0.0,inf,holded,0,0.0,2024-03-21
2024-04-03,2280.15,0.0,0.0,0.0,0.006911017884742909,,,82.14285714285715,0.05051831375259197,13,1.5995674746411406,0.0039901280470311384,69.64285714285715,0.0,0.0,inf,holded,0,0.0,2024-03-21
2024-04-04,2293.5,0.0,0.0,-1.0,0.0058548779685545504,,,78.57142857142857,0.056668970283345166,14,1.697125637813512,0.004168569302295699,69.64285714285715,0.0,0.0,inf,exit_general,1,0.0,2024-03-21
2024-04-05,2298.55,0.0,-1.0,-1.0,0.0022018748637453456,,,64.28571428571429,0.05899562312831175,15,1.6195215439107988,0.0040545833348049065,69.64285714285715,0.0,0.0,inf,exit_general,2,0.0,2024-03-21
2024-03-22,2171.6,1.0,0.0,0.0,0.0,,,47.368421052631575,0.0,0,0.0,0.0,47.368421052631575,47.368421052631575,0.0,,holded,0,0.0,2024-03-22
2024-03-25,2176.7,1.0,0.0,0.0,0.002348498802726029,,,64.91228070175438,0.002348498802726029,3,0.2177959331944641,0.0007840579500177913,52.63157894736842,33.33333333333333,0.0,inf,holded,0,0.0,2024-03-22
2024-03-26,2179.8,1.0,0.0,0.0,0.001424174208664697,,,61.40350877192982,0.0037760176828145475,4,0.2680003153410233,0.0009462301819260777,56.14035087719298,21.052631578947366,0.0,inf,holded,0,0.0,2024-03-22
2024-03-27,2192.7,1.0,0.0,0.0,0.005917974126066428,,,78.94736842105263,0.009716338183827444,5,0.6279795098391279,0.001954567278377395,63.1578947368421,5.263157894736842,0.0,inf,holded,0,0.0,2024-03-22
2024-03-28,2214.35,1.0,0.0,0.0,0.009873671728918731,,,91.22807017543859,0.019685945846380504,6,1.2677240641102325,0.00331846393840185,66.66666666666666,0.0,0.0,inf,holded,0,0.0,2024-03-22
2024-04-02,2264.5,1.0,0.0,0.0,0.022647729582044418,,,98.24561403508771,0.04277951740652042,11,1.6107990975189561,0.003978642183452008,70.17543859649122,0.0,0.0,inf,holded,0,0.0,2024-03-22
2024-04-03,2280.15,0.0,0.0,0.0,0.006911017884742909,,,82.45614035087719,0.0499861853011605,12,1.7851929469841123,0.004276617783139258,71.9298245614035,0.0,0.0,inf,holded,0,0.0,2024-03-22
2024-04-04,2293.5,0.0,0.0,-1.0,0.0058548779685545504,,,78.94736842105263,0.05613372628476698,13,1.8825840315101785,0.004446298213064415,71.9298245614035,0.0,0.0,inf,exit_general,1,0.0,2024-03-22
2024-04-05,2298.55,0.0,-1.0,-1.0,0.0022018748637453456,,,64.91228070175438,0.05845920058942711,14,1.7805723653402827,0.004304126291214905,71.9298245614035,0.0,0.0,inf,exit_general,2,0.0,2024-03-22
2024-03-25,2176.7,1.0,0.0,0.0,0.0,,,46.55172413793103,0.0,0,0.0,0.0,46.55172413793103,46.55172413793103,0.0,,holded,0,0.0,2024-03-25
2024-03-26,2179.8,1.0,0.0,0.0,0.001424174208664697,,,60.34482758620689,0.001424174208664697,1,0.4313765171473549,0.0014262024808413543,60.34482758620689,34.48275862068965,0.0,inf,holded,0,0.0,2024-03-25
2024-03-27,2192.7,1.0,0.0,0.0,0.005917974126066428,,,79.3103448275862,0.0073505765608490314,2,1.5162892197603917,0.0036955251420860424,67.24137931034483,12.068965517241379,0.0,inf,holded,0,0.0,2024-03-25
2024-03-28,2214.35,1.0,0.0,0.0,0.009873671728918731,,,91.37931034482759,0.017296825469747867,3,3.2228523603744543,0.005831839248367832,79.3103448275862,0.0,0.0,inf,take profit,1,0.0,2024-03-25
2024-04-02,2264.5,1.0,-1.0,0.0,0.022647729582044418,,,98.27586206896551,0.040336288877659054,8,2.4751459934141526,0.005155114675974959,77.58620689655172,0.0,0.0,inf,take profit,2,0.0,2024-03-25
2024-03-26,2179.8,1.0,0.0,0.0,0.0,,,45.762711864406775,0.0,0,0.0,0.0,45.762711864406775,45.762711864406775,0.0,,holded,0,0.0,2024-03-26
2024-03-27,2192.7,1.0,0.0,0.0,0.005917974126066428,,,79.66101694915254,0.005917974126066428,1,3.423512165828347,0.005952996543823197,79.66101694915254,13.559322033898304,0.0,inf,take profit,1,0.0,2024-03-26
2024-03-28,2214.35,1.0,-1.0,0.0,0.009873671728918731,,,91.52542372881355,0.01585007798880622,2,6.253237576148317,0.00801900095565311,86.44067796610169,0.0,0.0,inf,take profit,2,0.0,2024-03-26
2024-03-27,2192.7,1.0,0.0,0.0,0.0,,,45.0,0.0,0,0.0,0.0,45.0,45.0,0.0,,holded,0,0.0,2024-03-27
2024-03-28,2214.35,1.0,0.0,0.0,0.009873671728918731,,,91.66666666666667,0.009873671728918731,1,10.893141323868754,0.009971161122329208,91.66666666666667,5.0,0.0,inf,take profit,1,0.0,2024-03-27
2024-04-02,2264.5,1.0,-1.0,0.0,0.022647729582044418,,,98.33333333333334,0.032745017558261535,6,2.8699963324586606,0.0055608138847385025,78.33333333333334,0.0,0.0,inf,take profit,2,0.0,2024-03-27
2024-03-28,2214.35,1.0,0.0,0.0,0.0,,,44.26229508196722,0.0,0,0.0,0.0,44.26229508196722,44.26229508196722,0.0,,holded,0,0.0,2024-03-28
2024-04-02,2264.5,1.0,0.0,0.0,0.022647729582044418,,,98.36065573770492,0.022647729582044418,5,2.0916715406150392,0.004590728289212143,70.49180327868852,0.0,0.0,inf,take profit,1,0.0,2024-03-28
2024-04-03,2280.15,0.0,-1.0,0.0,0.006911017884742909,,,81.9672131147541,0.029715266330977652,6,2.4207423534016814,0.00503769221425987,75.40983606557377,0.0,0.0,inf,take profit,2,0.0,2024-03-28
2024-04-02,2264.5,1.0,0.0,0.0,0.0,,,43.54838709677419,0.0,0,0.0,0.0,43.54838709677419,43.54838709677419,0.0,,holded,0,0.0,2024-04-02
2024-04-03,2280.15,0.0,0.0,0.0,0.006911017884742909,,,80.64516129032258,0.006911017884742909,1,4.6722510979722145,0.006958780052946034,80.64516129032258,11.29032258064516,0.0,inf,take profit,1,0.0,2024-04-02
2024-04-04,2293.5,0.0,-1.0,-1.0,0.0058548779685545504,,,75.80645161290322,0.012806359019651214,2,3.9696848675206278,0.0064645499305222565,80.64516129032258,3.225806451612903,0.0,inf,take profit,2,0.0,2024-04-02
2024-05-01,2302.35,1.0,0.0,0.0,0.0,,,45.78313253012048,0.0,0,0.0,0.0,45.78313253012048,45.78313253012048,0.0,,holded,0,0.0,2024-05-01
2024-05-02,2288.85,1.0,0.0,0.0,-0.0058635741742133485,,,14.457831325301207,-0.0058635741742133485,1,-0.7728102642384408,-0.00582919267211679,14.457831325301207,73.49397590361447,-0.005863574174213397,-0.9999999999999917,holded,0,0.0,2024-05-01
2024-05-03,2294.45,1.0,0.0,0.0,0.0024466435109333773,,,61.445783132530124,-0.0034312767389841348,2,-0.3514941865562885,-0.0017112207187973683,33.734939759036145,62.65060240963856,-0.005863574174213397,-0.5851851851851849,holded,0,0.0,2024-05-01
2024-05-07,2319.6,1.0,0.0,0.0,0.010961232539388632,,,91.56626506024097,0.007492344778161408,6,0.36821298263105917,0.0012541704019879418,55.42168674698796,13.253012048192772,-0.005863574174213397,1.2777777777777515,holded,0,0.0,2024-05-01
2024-05-08,2309.05,1.0,0.0,0.0,-0.004548197965166256,,,16.867469879518072,0.0029100701457207556,7,0.11027794755454656,0.0004164150393168864,45.78313253012048,27.71084337349398,-0.005863574174213397,0.49629629629630184,holded,0,0.0,2024-05-01
2024-05-09,2325.7,1.0,0.0,0.0,0.0072107576709035115,,,78.3132530120482,0.010141811627250474,8,0.3741810439606601,0.0012749372484228694,55.42168674698796,7.2289156626506035,-0.005863574174213397,1.7296296296296116,holded,0,0.0,2024-05-01
2024-05-10,2372.45,1.0,0.0,-1.0,0.02010147482478386,,,96.3855421686747,0.030447151823137286,9,1.315902379919899,0.0034397319397807546,62.65060240963856,0.0,-0.005863574174213397,5.192592592592519,take profit,1,0.0,2024-05-01
2024-05-13,2343.8,0.0,-1.0,0.0,-0.012076123838226205,,,6.024096385542169,0.018003344408973554,12,0.4545655592590456,0.001514829340655277,56.62650602409639,2.4096385542168677,-0.012076123838226165,1.4908214465294871,holded,1,0.0,2024-05-01
2024-05-02,2288.85,1.0,0.0,0.0,0.0,,,46.42857142857143,0.0,0,0.0,0.0,46.42857142857143,46.42857142857143,0.0,,holded,0,0.0,2024-05-02
2024-05-03,2294.45,1.0,0.0,0.0,0.0024466435109333773,,,61.904761904761905,0.0024466435109333773,1,0.8511390431461727,0.0024526295754030425,61.904761904761905,33.333333333333336,0.0,inf,holded,0,0.0,2024-05-02
2024-05-07,2319.6,1.0,0.0,0.0,0.010961232539388632,,,91.66666666666667,0.013434694278786408,5,0.959326025212955,0.002708520647680901,61.904761904761905,3.571428571428571,0.0,inf,holded,0,0.0,2024-05-02
2024-05-08,2309.05,1.0,0.0,0.0,-0.004548197965166256,,,17.857142857142858,0.008825392664438825,6,0.44634605428606045,0.001478452689643417,57.14285714285714,9.523809523809524,-0.004548197965166194,1.94041524402211,holded,0,0.0,2024-05-02
2024-05-09,2325.7,1.0,0.0,0.0,0.0072107576709035115,,,78.57142857142857,0.016099788103196122,7,0.7770882227059865,0.002321032560812508,60.714285714285715,2.380952380952381,-0.004548197965166194,3.5398169179313252,holded,0,0.0,2024-05-02
2024-05-10,2372.45,1.0,0.0,-1.0,0.02010147482478386,,,96.42857142857143,0.036524892413220655,8,2.0957201347146097,0.0046584306714134716,66.66666666666667,0.0,-0.004548197965166194,8.030629425754562,take profit,1,0.0,2024-05-02
2024-05-13,2343.8,0.0,-1.0,0.0,-0.012076123838226205,,,5.9523809523809526,0.024007689451034597,11,0.722016681601747,0.0022108919378118763,60.714285714285715,0.0,-0.012076123838226,1.9880294184331055,holded,1,0.0,2024-05-02
2024-05-03,2294.45,1.0,0.0,0.0,0.0,,,45.88235294117647,0.0,0,0.0,0.0,45.88235294117647,45.88235294117647,0.0,,holded,0,0.0,2024-05-03
2024-05-07,2319.6,1.0,0.0,0.0,0.010961232539388632,,,91.76470588235294,0.010961232539388632,4,0.9873466346625961,0.002759030157346354,62.35294117647059,7.0588235294117645,0.0,inf,holded,0,0.0,2024-05-03
2024-05-08,2309.05,1.0,0.0,0.0,-0.004548197965166256,,,17.647058823529413,0.006363180718691019,5,0.3766985342201956,0.0012774867308653626,55.294117647058826,12.941176470588236,-0.004548197965166216,1.3990553549835365,holded,0,0.0,2024-05-03
2024-05-09,2325.7,1.0,0.0,0.0,0.0072107576709035115,,,78.82352941176471,0.013619821743773075,6,0.7650376753845789,0.002287937160908138,60.0,3.5294117647058822,-0.004548197965166216,2.9945534139201286,holded,0,0.0,2024-05-03
2024-05-10,2372.45,1.0,0.0,-1.0,0.02010147482478386,,,96.47058823529412,0.03399507507245736,7,2.3316926268322584,0.00494987718115536,69.41176470588236,0.0,-0.004548197965166216,7.474405321144589,take profit,1,0.0,2024-05-03
2024-05-13,2343.8,0.0,-1.0,0.0,-0.012076123838226205,,,5.882352941176471,0.02150842249776641,10,0.7096105358609581,0.0021761234035722055,58.82352941176471,1.1764705882352942,-0.012076123838226064,1.7810700507793,holded,1,0.0,2024-05-03
2024-05-07,2319.6,1.0,0.0,0.0,0.0,,,45.34883720930233,0.0,0,0.0,0.0,45.34883720930233,45.34883720930233,0.0,,holded,0,0.0,2024-05-07
2024-05-08,2309.05,1.0,0.0,0.0,-0.004548197965166256,,,17.44186046511628,-0.004548197965166256,1,-0.6829704420074438,-0.004527511860435873,17.44186046511628,66.27906976744187,-0.004548197965166309,-0.9999999999999883,holded,0,0.0,2024-05-07
2024-05-09,2325.7,1.0,0.0,0.0,0.0072107576709035115,,,77.90697674418605,0.002629763752371117,2,0.392241876560812,0.0013174741121684264,54.651162790697676,29.069767441860467,-0.004548197965166309,0.578199052132718,holded,0,0.0,2024-05-07
2024-05-10,2372.45,1.0,0.0,-1.0,0.02010147482478386,,,96.51162790697676,0.022784100707018418,3,5.6351895349477035,0.0077094805796973365,80.23255813953489,1.1627906976744187,-0.004548197965166309,5.009478672985884,take profit,1,0.0,2024-05-07
2024-05-13,2343.8,0.0,-1.0,0.0,-0.012076123838226205,,,5.813953488372094,0.01043283324711175,6,0.5463681408094789,0.001749357076552327,56.97674418604652,6.976744186046512,-0.012076123838226125,0.8639223468450486,holded,1,0.0,2024-05-07
2024-05-08,2309.05,1.0,0.0,0.0,0.0,,,45.97701149425287,0.0,0,0.0,0.0,45.97701149425287,45.97701149425287,0.0,,holded,0,0.0,2024-05-08
2024-05-09,2325.7,1.0,0.0,0.0,0.0072107576709035115,,,78.16091954022988,0.0072107576709035115,1,5.114059064786307,0.00726275269709209,78.16091954022988,12.643678160919539,0.0,inf,take profit,1,0.0,2024-05-08
2024-05-10,2372.45,1.0,-1.0,-1.0,0.02010147482478386,,,96.55172413793103,0.02745717935947667,2,29.3549919457219,0.014010020340269769,93.10344827586206,0.0,0.0,inf,take profit,2,0.0,2024-05-08
2024-05-09,2325.7,1.0,0.0,0.0,0.0,,,45.45454545454546,0.0,0,0.0,0.0,45.45454545454546,45.45454545454546,0.0,,holded,0,0.0,2024-05-09
2024-05-10,2372.45,1.0,0.0,-1.0,0.02010147482478386,,,96.5909090909091,0.02010147482478386,1,149.70602463292414,0.02050554411491534,96.5909090909091,1.1363636363636365,0.0,inf,take profit,1,0.0,2024-05-09
2024-05-13,2343.8,0.0,-1.0,0.0,-0.012076123838226205,,,5.6818181818181825,0.007782603087242546,4,0.6297162427183449,0.001955096313124516,56.81818181818182,12.500000000000002,-0.012076123838226238,0.6444620137636539,holded,1,0.0,2024-05-09
2024-05-10,2372.45,1.0,0.0,-1.0,0.0,,,44.943820224719104,0.0,0,0.0,0.0,44.943820224719104,44.943820224719104,0.0,,exit_general,1,0.0,2024-05-10
2024-05-13,2343.8,0.0,-1.0,0.0,-0.012076123838226205,,,5.617977528089888,-0.012076123838226205,3,-0.6396102305268376,-0.003992879923128023,20.224719101123597,91.01123595505618,-0.01207612383822621,-0.9999999999999996,holded,1,0.0,2024-05-10
2024-05-16,2377.4,1.0,0.0,0.0,0.0,,,44.086021505376344,0.0,0,0.0,0.0,44.086021505376344,44.086021505376344,0.0,,holded,0,0.0,2024-05-16
2024-05-17,2402.6,0.0,0.0,0.0,0.010599814923866413,,,89.24731182795698,0.010599814923866413,1,13.254829287483707,0.010712171000286652,90.32258064516128,7.526881720430107,0.0,inf,take profit,1,0.0,2024-05-16
2024-05-20,2420.3,0.0,-1.0,0.0,0.007367019062682223,,,77.41935483870967,0.018044923025153592,4,2.0854419024200657,0.004561881035415105,64.51612903225806,2.150537634408602,0.0,inf,holded,1,0.0,2024-05-16
2024-05-28,2350.65,1.0,0.0,0.0,0.0,-0.012341438319170617,2.3903332802592177,44.0,0.0,0,0.0,0.0,44.0,44.0,0.0,,holded,0,0.0,2024-05-28
2024-05-29,2343.35,1.0,0.0,0.0,-0.003105524003998994,-0.012341438319170617,2.3314805297560017,28.0,-0.003105524003998994,1,-0.5433370784852587,-0.0030958797246596337,28.0,60.0,-0.003105524003998994,-1.0,holded,0,0.0,2024-05-28
2024-05-30,2348.55,0.0,0.0,0.0,0.0022190453837456214,-0.012119963796009475,2.6259731286365113,57.0,-0.0008933699189586086,2,-0.10650533979976506,-0.00044638562372190105,41.0,49.0,-0.003105524003998994,-0.28767123287671037,holded,0,0.0,2024-05-28
2024-05-31,2348.25,1.0,0.0,0.0,-0.00012773839177371293,-0.012119963796009475,2.647312659629097,42.0,-0.0010209941930956479,3,-0.08222895342234093,-0.0003400996941969048,42.0,49.0,-0.003105524003998994,-0.32876712328769964,holded,0,0.0,2024-05-28
2024-06-03,2337.7,0.0,0.0,0.0,-0.004492707335249757,-0.012119963796009475,2.4165383578015303,20.0,-0.005509114500244827,6,-0.20707173107651433,-0.000915230495325825,40.0,71.0,-0.005509114500244863,-0.9999999999999936,holded,0,0.0,2024-05-28
2024-06-04,2326.0,0.0,0.0,0.0,-0.0050049193651878765,-0.011412445389700177,2.6449250696483655,19.0,-0.010486461191585361,7,-0.31580063608365994,-0.001489062051505008,35.0,88.0,-0.010486461191585335,-1.0000000000000024,holded,0,0.0,2024-05-28
2024-06-05,2340.05,0.0,0.0,0.0,0.006040412725709432,-0.011412445389700177,2.665482255994307,73.0,-0.0045093910195052045,8,-0.1326971482887095,-0.0005622422158737539,41.0,65.0,-0.010486461191585335,-0.43002028397565434,holded,0,0.0,2024-05-28
2024-06-06,2360.6,0.0,0.0,0.0,0.00878186363539224,-0.011412445389700177,2.8980406720536482,83.0,0.004232871758875101,9,0.12554827671190938,0.0004714237001626209,44.0,20.0,-0.010486461191585335,0.40365111561865025,holded,0,0.0,2024-05-28
2024-06-07,2310.8,0.0,0.0,0.0,-0.021096331441158966,-0.012119963796009475,2.402278485707947,1.0,-0.016952757747856984,10,-0.35005799191385334,-0.001679387950708322,34.0,95.0,-0.021096331441158935,-0.8035879505942042,stop loss,1,0.0,2024-05-28
2024-06-10,2304.4,1.0,-1.0,0.0,-0.002769603600484727,-0.012119963796009475,2.135364411383177,30.0,-0.019675408929445082,13,-0.3196869991926028,-0.0014973603651285972,35.0,96.0,-0.023807506566127224,-0.8264371942855537,stop loss,2,0.0,2024-05-28
2024-05-29,2343.35,1.0,0.0,0.0,0.0,-0.012341438319170617,2.3314805297560017,44.554455445544555,0.0,0,0.0,0.0,44.554455445544555,44.554455445544555,0.0,,holded,0,0.0,2024-05-29
2024-05-30,2348.55,0.0,0.0,0.0,0.0022190453837456214,-0.012119963796009475,2.6259731286365113,57.42574257425743,0.0022190453837456214,1,0.7481881497150917,0.0022239695461607756,57.42574257425743,33.663366336633665,0.0,inf,holded,0,0.0,2024-05-29
2024-05-31,2348.25,1.0,0.0,0.0,-0.00012773839177371293,-0.012119963796009475,2.647312659629097,42.57425742574257,0.0020910235346833783,2,0.30107895921473804,0.0010471508386509232,49.504950495049506,33.663366336633665,-0.00012773839177361527,16.369577741272966,holded,0,0.0,2024-05-29
2024-06-03,2337.7,0.0,0.0,0.0,-0.004492707335249757,-0.012119963796009475,2.4165383578015303,19.801980198019802,-0.002411078157338875,5,-0.11455511922312511,-0.0004815175867126653,41.584158415841586,58.415841584158414,-0.004619871835813671,-0.521892866950978,holded,0,0.0,2024-05-29
2024-06-04,2326.0,0.0,0.0,0.0,-0.0050049193651878765,-0.011412445389700177,2.6449250696483655,18.81188118811881,-0.007403930270766135,6,-0.2681077440251616,-0.0012286478344992746,39.603960396039604,78.21782178217822,-0.0096016691149858,-0.7711086668473561,holded,0,0.0,2024-05-29
2024-06-05,2340.05,0.0,0.0,0.0,0.006040412725709432,-0.011412445389700177,2.665482255994307,73.26732673267327,-0.0014082403396844523,7,-0.049466984054966856,-0.00020101523715476688,42.57425742574257,53.46534653465346,-0.0096016691149858,-0.1466662017634561,holded,0,0.0,2024-05-29
2024-06-06,2360.6,0.0,0.0,0.0,0.00878186363539224,-0.011412445389700177,2.8980406720536482,83.16831683168317,0.007361256321078757,8,0.2598973847924484,0.0009239589882348298,49.504950495049506,13.861386138613861,-0.0096016691149858,0.766664236490891,holded,0,0.0,2024-05-29
2024-06-07,2310.8,0.0,0.0,0.0,-0.021096331441158966,-0.012119963796009475,2.402278485707947,0.9900990099009901,-0.013890370623253046,9,-0.3240639771906505,-0.0015314151474444815,34.65346534653465,93.06930693069307,-0.021096331441158914,-0.6584258813905887,stop loss,1,0.0,2024-05-29
2024-06-10,2304.4,1.0,-1.0,0.0,-0.002769603600484727,-0.012119963796009475,2.135364411383177,30.693069306930692,-0.01662150340324753,12,-0.29670933099386143,-0.0013725907196934228,35.64356435643565,95.04950495049505,-0.02380750656612726,-0.698162294194059,stop loss,2,0.0,2024-05-29
2024-05-31,2348.25,1.0,0.0,0.0,0.0,-0.012119963796009475,2.647312659629097,44.66019417475728,0.0,0,0.0,0.0,44.66019417475728,44.66019417475728,0.0,,holded,0,0.0,2024-05-31
2024-06-03,2337.7,0.0,0.0,0.0,-0.004492707335249757,-0.012119963796009475,2.4165383578015303,19.41747572815534,-0.004492707335249757,3,-0.31493236575447636,-0.0014930791987004532,34.95145631067961,66.01941747572816,-0.00449270733524969,-1.0000000000000149,holded,0,0.0,2024-05-31
2024-06-04,2326.0,0.0,0.0,0.0,-0.0050049193651878765,-0.011412445389700177,2.6449250696483655,18.446601941747574,-0.009475141062493364,4,-0.4510675545076761,-0.002354724039082101,33.00970873786408,85.4368932038835,-0.009475141062493435,-0.9999999999999925,holded,0,0.0,2024-05-31
2024-06-05,2340.05,0.0,0.0,0.0,0.006040412725709432,-0.011412445389700177,2.665482255994307,73.7864077669903,-0.003491962099435697,5,-0.16163598785459832,-0.0006969277992562306,39.80582524271845,63.10679611650485,-0.009475141062493435,-0.36853932584268756,holded,0,0.0,2024-05-31
2024-06-06,2360.6,0.0,0.0,0.0,0.00878186363539224,-0.011412445389700177,2.8980406720536482,83.49514563106796,0.005259235600979295,6,0.24646191885115543,0.0008792244715358777,49.51456310679612,18.446601941747574,-0.009475141062493435,0.555056179775259,holded,0,0.0,2024-05-31
2024-06-07,2310.8,0.0,0.0,0.0,-0.021096331441158966,-0.012119963796009475,2.402278485707947,0.970873786407767,-0.015948046417545103,7,-0.43940528003056145,-0.0022574345684391872,33.00970873786408,95.14563106796116,-0.021096331441159036,-0.7559630195433124,stop loss,1,0.0,2024-05-31
2024-06-10,2304.4,1.0,-1.0,0.0,-0.002769603600484727,-0.012119963796009475,2.135364411383177,30.097087378640776,-0.01867348025125115,10,-0.3781278671753925,-0.0018480611856975804,33.980582524271846,96.11650485436893,-0.023807506566127346,-0.7843526242189199,stop loss,2,0.0,2024-05-31
2024-06-10,2304.4,1.0,0.0,0.0,0.0,-0.012119963796009475,2.135364411383177,45.87155963302752,0.0,0,0.0,0.0,45.87155963302752,45.87155963302752,0.0,,holded,0,0.0,2024-06-10
2024-06-11,2316.5,0.0,0.0,0.0,0.005250824509633656,-0.012119963796009475,2.396701542360799,69.72477064220183,0.005250824509633656,1,2.7424703831100383,0.005278395667664526,69.72477064220183,18.34862385321101,0.0,inf,holded,0,0.0,2024-06-10
2024-06-12,2326.25,0.0,0.0,0.0,0.004208935894668642,-0.011412445389700177,2.744880843860944,65.13761467889908,0.009481860788057572,2,2.28407803135188,0.0047745919345094645,66.97247706422019,9.174311926605505,0.0,inf,holded,0,0.0,2024-06-10
2024-06-13,2310.8,0.0,0.0,0.0,-0.006641590542718845,-0.011412445389700177,2.5978271622307556,13.761467889908257,0.0027772956084013423,3,0.2623429370182926,0.0009274782285524363,50.45871559633028,31.19266055045872,-0.006641590542718986,0.4181672433037932,holded,0,0.0,2024-06-10
2024-06-14,2330.45,0.0,0.0,0.0,0.008503548554612994,-0.011412445389700177,2.6118886877128205,83.4862385321101,0.011304461031070856,4,1.0303043650955042,0.0028460264238119315,60.550458715596335,8.256880733944955,-0.006641590542718986,1.7020713575099358,holded,0,0.0,2024-06-10
2024-06-17,2319.9,0.0,0.0,0.0,-0.004527022678023407,-0.011412445389700177,2.589647005422734,20.18348623853211,0.006726262801596938,7,0.27294705412876574,0.0009645808847174031,50.45871559633028,13.761467889908257,-0.006641590542718986,1.0127487923763647,holded,0,0.0,2024-06-10
2024-06-18,2324.35,0.0,0.0,0.0,0.001918186128712307,-0.011412445389700177,2.612595519687044,55.96330275229358,0.00865735115431332,8,0.3119739987373287,0.0010874255440189717,50.45871559633028,11.009174311926607,-0.006641590542718986,1.303505703736007,holded,0,0.0,2024-06-10
2024-06-20,2351.6,1.0,0.0,0.0,0.011723707703228836,-0.011412445389700177,2.7923200132968105,92.6605504587156,0.02048255511195962,10,0.6668662031347816,0.002071189516037908,56.88073394495413,2.7522935779816518,-0.006641590542718986,3.083983419365433,holded,0,0.0,2024-06-10
2024-06-20,2351.6,1.0,0.0,0.0,0.0,-0.011412445389700177,2.7923200132968105,44.82758620689655,0.0,0,0.0,0.0,44.82758620689655,44.82758620689655,0.0,,holded,0,0.0,2024-06-20
